produto;id_deposito_1;qtd_1;id_deposito_2;qtd_2;id_deposito_3;qtd_3;id_deposito_4;qtd_4;id_deposito_5;qtd_5;id_deposito_6;qtd_6;id_deposito_7;qtd_7;id_deposito_8;qtd_8;id_deposito_9;qtd_9;id_deposito_10;qtd_10;id_deposito_11;qtd_11
89327;65;;66;1;67;1;69;;70;;71;1;72;;73;;74;;75;;68;
89606;65;1;66;1;67;;69;;70;;71;1;72;1;73;;74;;75;;68;1
89691;65;;66;;67;;69;;70;;71;;72;;73;;74;;75;;68;
89178;65;;66;;67;;69;;70;;71;;72;;73;;74;;75;;68;
89335;65;;66;;67;;69;;70;;71;;72;;73;;74;;75;;68;
89428;65;;66;;67;;69;;70;;71;;72;;73;;74;;75;;68;
89613;65;;66;;67;;69;;70;;71;;72;;73;;74;;75;;68;
89230;65;;66;;67;;69;;70;;71;;72;;73;;74;;75;;68;
89392;65;;66;;67;;69;;70;;71;;72;;73;;74;;75;;68;
89661;65;;66;;67;;69;;70;;71;;72;;73;;74;;75;;68;
89136;65;;66;1;67;;69;;70;4;71;2;72;2;73;;74;;75;;68;
89196;65;;66;;67;;69;;70;;71;;72;;73;;74;;75;;68;
89287;65;;66;2;67;;69;;70;4;71;2;72;2;73;;74;;75;1;68;3
89356;65;;66;;67;;69;;70;;71;;72;;73;;74;2;75;;68;
89570;65;;66;3;67;;69;;70;1;71;3;72;2;73;1;74;;75;;68;
89633;65;;66;;67;;69;;70;;71;;72;;73;;74;2;75;;68;
89133;65;;66;;67;;69;;70;1;71;1;72;;73;;74;;75;;68;
89189;65;1;66;;67;;69;;70;;71;;72;;73;;74;;75;;68;
89350;65;;66;;67;;69;;70;;71;1;72;;73;;74;;75;;68;
89626;65;;66;;67;;69;;70;;71;;72;;73;;74;;75;;68;
89138;65;1;66;2;67;1;69;1;70;1;71;2;72;;73;;74;1;75;1;68;2
89207;65;;66;1;67;;69;;70;;71;1;72;1;73;;74;;75;;68;1
89289;65;1;66;2;67;;69;;70;;71;2;72;1;73;1;74;1;75;1;68;2
89367;65;;66;1;67;;69;;70;1;71;1;72;1;73;;74;;75;1;68;1
89572;65;1;66;2;67;1;69;;70;1;71;1;72;1;73;;74;1;75;1;68;2
89642;65;1;66;1;67;;69;;70;;71;1;72;1;73;;74;;75;;68;1
91231;65;;66;;67;;69;;70;;71;;72;;73;;74;;75;;68;
89240;65;;66;;67;;69;;70;;71;;72;;73;;74;;75;;68;
89402;65;;66;;67;;69;;70;;71;;72;;73;;74;;75;;68;
89670;65;;66;;67;;69;;70;;71;;72;;73;;74;;75;;68;
89183;65;;66;;67;;69;;70;;71;;72;;73;;74;;75;;68;
89341;65;;66;;67;;69;;70;;71;;72;;73;;74;;75;;68;
89618;65;;66;;67;;69;;70;;71;;72;;73;;74;;75;;68;
89258;65;;66;;67;;69;;70;;71;;72;;73;;74;;75;;68;
89475;65;;66;;67;;69;;70;;71;;72;;73;;74;;75;;68;
89527;65;;66;;67;;69;;70;;71;;72;;73;;74;;75;;68;
89221;65;;66;;67;;69;;70;;71;;72;;73;;74;;75;;68;
89184;65;;66;;67;;69;;70;;71;;72;;73;;74;;75;;68;
89342;65;;66;;67;;69;;70;;71;;72;;73;;74;;75;;68;
89619;65;;66;;67;;69;;70;;71;;72;;73;;74;;75;;68;
89093;65;;66;;67;;69;1;70;1;71;;72;;73;1;74;;75;;68;
89499;65;;66;;67;;69;1;70;;71;;72;;73;1;74;;75;;68;
89724;65;;66;1;67;;69;1;70;1;71;2;72;;73;1;74;1;75;2;68;
89169;65;2;66;1;67;;69;;70;1;71;2;72;1;73;;74;1;75;;68;1
89326;65;;66;1;67;;69;;70;1;71;2;72;;73;;74;1;75;;68;1
89605;65;;66;3;67;;69;;70;;71;1;72;;73;;74;1;75;1;68;1
89112;65;1;66;1;67;1;69;;70;1;71;;72;2;73;;74;;75;;68;
89124;65;;66;;67;;69;;70;;71;1;72;;73;;74;;75;1;68;1
89225;65;1;66;1;67;1;69;1;70;1;71;1;72;2;73;1;74;1;75;1;68;1
89273;65;;66;;67;;69;;70;;71;;72;;73;;74;;75;1;68;1
89386;65;1;66;1;67;1;69;;70;1;71;1;72;2;73;1;74;1;75;1;68;1
89413;65;;66;1;67;;69;;70;;71;1;72;;73;;74;;75;;68;
89555;65;;66;1;67;;69;;70;;71;;72;;73;;74;;75;1;68;
89656;65;;66;1;67;1;69;;70;1;71;1;72;1;73;1;74;1;75;1;68;1
89748;65;;66;1;67;;69;;70;;71;;72;;73;;74;;75;1;68;1
89756;65;1;66;1;67;1;69;1;70;1;71;;72;;73;;74;1;75;1;68;1
89185;65;;66;;67;;69;;70;;71;;72;;73;;74;;75;;68;
89343;65;;66;;67;;69;;70;;71;;72;;73;;74;;75;;68;
89620;65;;66;;67;;69;;70;;71;;72;;73;;74;;75;;68;
89675;65;;66;;67;;69;;70;;71;;72;;73;;74;;75;;68;
89241;65;;66;;67;;69;;70;;71;;72;;73;;74;;75;;68;
89403;65;;66;;67;;69;;70;;71;;72;;73;;74;;75;;68;
89671;65;;66;;67;;69;;70;;71;;72;;73;;74;;75;;68;
89347;65;;66;;67;;69;1;70;;71;;72;;73;;74;;75;;68;
89336;65;;66;;67;;69;;70;;71;;72;;73;;74;;75;;68;
89429;65;;66;;67;;69;;70;;71;;72;;73;;74;;75;;68;
89614;65;;66;;67;;69;;70;;71;;72;;73;;74;;75;;68;
89186;65;;66;;67;;69;;70;;71;;72;;73;;74;;75;1;68;
89344;65;;66;;67;;69;;70;;71;;72;;73;;74;;75;1;68;
89621;65;;66;;67;;69;;70;1;71;;72;;73;;74;;75;;68;
89676;65;;66;;67;;69;;70;;71;1;72;;73;;74;;75;;68;
90014;65;;66;1;67;;69;;70;;71;1;72;;73;;74;;75;1;68;1
89530;65;1;66;1;67;1;69;;70;1;71;1;72;;73;;74;;75;1;68;1
89887;65;1;66;1;67;;69;;70;;71;2;72;1;73;;74;;75;1;68;1
90063;65;;66;;67;;69;;70;;71;;72;;73;;74;;75;;68;
90100;65;;66;;67;;69;;70;;71;;72;;73;;74;;75;;68;
90114;65;;66;;67;;69;;70;;71;;72;;73;;74;;75;;68;
90149;65;;66;;67;;69;;70;;71;;72;;73;;74;;75;;68;
90064;65;;66;;67;;69;;70;;71;;72;;73;;74;;75;;68;
90101;65;;66;;67;;69;;70;;71;;72;;73;;74;;75;;68;
90115;65;;66;;67;;69;;70;;71;;72;;73;;74;;75;;68;
90150;65;;66;;67;;69;;70;;71;;72;;73;;74;;75;;68;
90015;65;;66;;67;;69;1;70;;71;;72;;73;;74;;75;2;68;1
89510;65;;66;;67;;69;;70;;71;;72;;73;;74;;75;;68;
89593;65;;66;;67;;69;;70;;71;;72;;73;;74;;75;;68;
89868;65;;66;;67;;69;;70;;71;;72;;73;;74;;75;;68;
90043;65;;66;;67;;69;;70;;71;;72;;73;;74;;75;;68;
89545;65;2;66;1;67;;69;1;70;1;71;2;72;;73;;74;;75;;68;
89162;65;;66;;67;;69;;70;;71;;72;;73;;74;;75;;68;
89316;65;;66;;67;;69;;70;;71;;72;;73;;74;;75;;68;
89491;65;;66;;67;;69;;70;;71;;72;;73;;74;;75;;68;
89599;65;;66;;67;;69;;70;;71;;72;;73;;74;;75;;68;
89314;65;2;66;;67;1;69;;70;2;71;1;72;;73;;74;1;75;1;68;
89693;65;2;66;1;67;2;69;1;70;;71;2;72;;73;2;74;1;75;1;68;
89313;65;;66;;67;;69;;70;;71;;72;;73;;74;;75;;68;
89598;65;;66;;67;;69;;70;;71;;72;;73;;74;;75;;68;
89163;65;;66;;67;;69;;70;;71;;72;;73;;74;;75;;68;
89317;65;;66;;67;;69;;70;;71;;72;;73;;74;;75;;68;
89542;65;;66;;67;;69;;70;;71;;72;;73;;74;;75;;68;
89694;65;;66;;67;;69;;70;;71;;72;;73;;74;;75;;68;
89318;65;;66;;67;;69;;70;;71;;72;;73;;74;;75;;68;
89600;65;;66;;67;;69;;70;;71;;72;;73;;74;;75;;68;
89695;65;;66;;67;;69;;70;;71;;72;;73;;74;;75;;68;
89867;65;1;66;2;67;;69;;70;1;71;2;72;;73;1;74;1;75;;68;1
89910;65;2;66;2;67;2;69;1;70;2;71;2;72;;73;4;74;;75;4;68;2
89275;65;;66;;67;;69;;70;;71;;72;;73;;74;;75;;68;
89524;65;;66;;67;;69;;70;;71;;72;;73;;74;;75;;68;
89485;65;1;66;1;67;;69;;70;2;71;1;72;1;73;;74;;75;1;68;1
89466;65;;66;;67;;69;;70;;71;;72;;73;;74;;75;;68;
89595;65;;66;;67;;69;;70;;71;;72;;73;;74;;75;;68;
89737;65;;66;;67;;69;;70;;71;;72;;73;;74;;75;;68;
89467;65;;66;;67;;69;;70;;71;;72;;73;;74;;75;;68;
89596;65;;66;;67;;69;;70;;71;;72;;73;;74;;75;;68;
89738;65;;66;;67;;69;;70;;71;;72;;73;;74;;75;;68;
89594;65;1;66;;67;;69;;70;;71;;72;;73;;74;;75;;68;
89257;65;;66;;67;;69;;70;;71;;72;;73;;74;;75;;68;
89739;65;;66;;67;;69;;70;;71;;72;;73;;74;;75;;68;
89907;65;;66;;67;;69;;70;;71;1;72;;73;;74;;75;;68;
89440;65;;66;;67;;69;;70;;71;;72;;73;;74;;75;;68;
89734;65;;66;;67;;69;;70;;71;;72;;73;;74;;75;;68;
89511;65;;66;;67;;69;;70;;71;;72;1;73;;74;;75;1;68;
89544;65;;66;1;67;;69;;70;;71;;72;1;73;;74;;75;;68;
89953;65;;66;;67;;69;;70;;71;2;72;;73;;74;;75;;68;1
90013;65;;66;;67;;69;;70;;71;;72;;73;;74;;75;;68;
89912;65;;66;1;67;;69;;70;;71;2;72;1;73;;74;;75;;68;
89814;65;2;66;2;67;;69;;70;1;71;1;72;;73;;74;1;75;;68;
89849;65;;66;;67;;69;;70;;71;;72;;73;;74;;75;;68;
90032;65;;66;1;67;;69;;70;;71;;72;;73;;74;;75;1;68;1
89932;65;;66;;67;;69;;70;;71;;72;;73;;74;;75;;68;
89933;65;;66;;67;;69;;70;;71;;72;;73;;74;;75;;68;
89934;65;;66;;67;;69;;70;;71;;72;;73;;74;;75;;68;
89935;65;;66;;67;;69;;70;;71;;72;;73;;74;;75;;68;
89936;65;;66;;67;;69;;70;;71;;72;;73;;74;;75;;68;
89256;65;1;66;;67;;69;;70;;71;;72;;73;;74;;75;;68;
89509;65;;66;1;67;;69;;70;;71;;72;;73;;74;;75;;68;
89536;65;1;66;;67;;69;;70;;71;1;72;;73;;74;;75;;68;
90065;65;;66;;67;;69;;70;;71;;72;;73;;74;;75;;68;
90116;65;;66;;67;;69;;70;;71;;72;;73;;74;;75;;68;
90151;65;;66;;67;;69;;70;;71;;72;;73;;74;;75;;68;
90066;65;;66;;67;;69;;70;;71;;72;;73;;74;;75;;68;
90117;65;;66;;67;;69;;70;;71;;72;;73;;74;;75;;68;
90152;65;;66;;67;;69;;70;;71;;72;;73;;74;;75;;68;
90067;65;;66;;67;;69;;70;;71;;72;;73;;74;;75;;68;
90118;65;;66;;67;;69;;70;;71;;72;;73;;74;;75;;68;
90153;65;;66;;67;;69;;70;;71;;72;;73;;74;;75;;68;
90068;65;;66;;67;;69;;70;;71;;72;;73;;74;;75;;68;
90119;65;;66;;67;;69;;70;;71;;72;;73;;74;;75;;68;
90154;65;;66;;67;;69;;70;;71;;72;;73;;74;;75;;68;
90069;65;;66;;67;;69;;70;;71;;72;;73;;74;;75;;68;
90120;65;;66;;67;;69;;70;;71;;72;;73;;74;;75;;68;
90155;65;;66;;67;;69;;70;;71;;72;;73;;74;;75;;68;
90070;65;;66;;67;;69;;70;;71;;72;;73;;74;;75;;68;
90121;65;;66;;67;;69;;70;;71;;72;;73;;74;;75;;68;
90156;65;;66;;67;;69;;70;;71;;72;;73;;74;;75;;68;
90071;65;;66;;67;;69;;70;;71;;72;;73;;74;;75;;68;
90122;65;;66;;67;;69;;70;;71;;72;;73;;74;;75;;68;
90157;65;;66;;67;;69;;70;;71;;72;;73;;74;;75;;68;
90072;65;;66;;67;;69;;70;;71;;72;;73;;74;;75;;68;
90123;65;;66;;67;;69;;70;;71;;72;;73;;74;;75;;68;
90158;65;;66;;67;;69;;70;;71;;72;;73;;74;;75;;68;
90073;65;;66;;67;;69;;70;;71;;72;;73;;74;;75;;68;
90124;65;;66;;67;;69;;70;;71;;72;;73;;74;;75;;68;
90159;65;;66;;67;;69;;70;;71;;72;;73;;74;;75;;68;
90074;65;;66;;67;;69;;70;;71;;72;;73;;74;;75;;68;
90125;65;;66;;67;;69;;70;;71;;72;;73;;74;;75;;68;
90160;65;;66;;67;;69;;70;;71;;72;;73;;74;;75;;68;
90075;65;;66;;67;;69;;70;;71;;72;;73;;74;;75;;68;
90126;65;;66;;67;;69;;70;;71;;72;;73;;74;;75;;68;
90161;65;;66;;67;;69;;70;;71;;72;;73;;74;;75;;68;
90076;65;;66;;67;;69;;70;;71;;72;;73;;74;;75;;68;
90127;65;;66;;67;;69;;70;;71;;72;;73;;74;;75;;68;
90162;65;;66;;67;;69;;70;;71;;72;;73;;74;;75;;68;
90220;65;;66;;67;;69;;70;;71;;72;;73;;74;;75;;68;
90293;65;;66;;67;;69;;70;;71;;72;;73;;74;;75;;68;
90294;65;;66;;67;;69;;70;;71;;72;;73;;74;;75;;68;
90295;65;;66;;67;;69;;70;;71;;72;;73;;74;;75;;68;
90246;65;;66;;67;;69;;70;;71;;72;;73;;74;;75;;68;
90247;65;;66;;67;;69;;70;;71;;72;;73;;74;;75;;68;
90248;65;;66;;67;;69;;70;;71;;72;;73;;74;;75;;68;
90191;65;;66;;67;;69;;70;;71;;72;;73;;74;;75;;68;
90208;65;;66;;67;;69;;70;;71;;72;;73;;74;;75;;68;
90320;65;;66;;67;;69;;70;;71;;72;;73;;74;;75;;68;
90321;65;;66;;67;;69;;70;;71;;72;;73;;74;;75;;68;
90322;65;;66;;67;;69;;70;;71;;72;;73;;74;;75;;68;
90200;65;;66;;67;;69;;70;;71;;72;;73;;74;;75;;68;
90193;65;;66;;67;;69;;70;;71;;72;;73;;74;;75;;68;
90061;65;;66;;67;4;69;1;70;2;71;4;72;3;73;;74;;75;2;68;
90039;65;;66;;67;;69;;70;;71;;72;;73;;74;;75;;68;
89836;65;;66;;67;;69;;70;1;71;2;72;;73;;74;;75;1;68;
89880;65;1;66;1;67;;69;;70;;71;1;72;;73;;74;;75;1;68;1
89833;65;3;66;3;67;2;69;1;70;;71;3;72;2;73;4;74;;75;;68;2
89906;65;;66;2;67;;69;;70;;71;;72;1;73;;74;;75;;68;
89830;65;;66;;67;;69;;70;;71;;72;;73;;74;;75;;68;
89895;65;;66;1;67;;69;1;70;1;71;;72;;73;1;74;;75;1;68;2
90036;65;;66;;67;;69;;70;;71;1;72;;73;;74;;75;;68;
89878;65;;66;;67;;69;;70;;71;;72;;73;;74;;75;;68;
89955;65;;66;;67;;69;;70;;71;;72;;73;;74;;75;;68;
90012;65;;66;;67;;69;;70;;71;;72;;73;;74;;75;;68;
89871;65;;66;1;67;;69;;70;;71;;72;;73;;74;;75;;68;
89879;65;;66;;67;;69;;70;;71;;72;;73;;74;;75;;68;
89773;65;;66;;67;;69;;70;;71;;72;;73;;74;;75;;68;
89761;65;;66;;67;;69;;70;;71;;72;;73;;74;;75;;68;
89874;65;;66;;67;;69;;70;;71;;72;;73;;74;;75;;68;
89764;65;3;66;3;67;3;69;4;70;6;71;4;72;3;73;3;74;4;75;3;68;3
89876;65;3;66;3;67;3;69;2;70;3;71;3;72;3;73;3;74;3;75;3;68;3
89978;65;;66;2;67;;69;;70;;71;1;72;1;73;;74;;75;;68;
89818;65;;66;2;67;;69;;70;;71;1;72;;73;5;74;;75;;68;
89759;65;;66;;67;;69;;70;;71;;72;;73;;74;;75;;68;
89873;65;;66;;67;;69;;70;;71;;72;;73;;74;;75;;68;
90034;65;;66;;67;;69;;70;;71;;72;;73;;74;;75;;68;
89822;65;;66;;67;;69;;70;;71;;72;;73;;74;;75;;68;
89802;65;;66;;67;;69;;70;;71;;72;;73;;74;;75;;68;
89094;65;1;66;1;67;1;69;1;70;2;71;2;72;1;73;1;74;1;75;1;68;1
89500;65;1;66;1;67;1;69;1;70;2;71;1;72;1;73;1;74;1;75;1;68;1
89523;65;1;66;1;67;1;69;1;70;2;71;1;72;1;73;1;74;1;75;1;68;1
89725;65;1;66;1;67;1;69;;70;1;71;1;72;1;73;1;74;;75;1;68;1
89448;65;;66;;67;;69;;70;;71;;72;;73;;74;;75;;68;
89726;65;;66;;67;;69;;70;;71;;72;;73;;74;;75;;68;
89444;65;;66;;67;;69;;70;;71;;72;;73;;74;;75;;68;
89483;65;;66;;67;;69;;70;;71;;72;;73;;74;;75;;68;
89531;65;;66;;67;;69;;70;;71;;72;;73;;74;;75;;68;
89727;65;;66;;67;;69;;70;;71;;72;;73;;74;;75;;68;
89515;65;;66;;67;;69;;70;;71;1;72;;73;;74;;75;1;68;
90037;65;;66;3;67;;69;;70;;71;;72;;73;;74;;75;;68;
89875;65;;66;;67;;69;;70;;71;;72;;73;;74;;75;;68;
89954;65;;66;;67;;69;;70;;71;;72;;73;;74;;75;;68;
91288;65;;66;;67;;69;;70;;71;;72;;73;;74;;75;;68;
91289;65;;66;;67;;69;;70;;71;;72;;73;;74;;75;;68;
91290;65;;66;;67;;69;;70;;71;;72;;73;;74;;75;;68;
91291;65;;66;;67;;69;;70;;71;;72;;73;;74;;75;;68;
89505;65;;66;;67;;69;;70;;71;;72;;73;;74;;75;;68;
89732;65;1;66;2;67;;69;;70;;71;2;72;1;73;;74;;75;1;68;1
89883;65;1;66;;67;;69;;70;;71;;72;;73;;74;;75;;68;
89839;65;;66;;67;;69;;70;;71;;72;;73;;74;;75;;68;
89850;65;;66;;67;;69;;70;;71;;72;;73;;74;;75;;68;
89956;65;;66;;67;;69;;70;;71;;72;;73;;74;;75;;68;
89957;65;;66;;67;;69;;70;;71;;72;;73;;74;;75;;68;
89832;65;;66;2;67;;69;3;70;2;71;1;72;;73;2;74;;75;3;68;2
89534;65;;66;;67;;69;;70;1;71;;72;1;73;;74;;75;;68;1
89688;65;1;66;2;67;;69;;70;1;71;1;72;1;73;;74;1;75;1;68;
89838;65;;66;;67;;69;;70;;71;;72;;73;;74;;75;;68;
89896;65;;66;1;67;;69;;70;;71;1;72;;73;;74;;75;1;68;1
89774;65;;66;;67;;69;;70;;71;;72;;73;;74;;75;;68;
89881;65;;66;;67;;69;;70;;71;;72;;73;;74;;75;;68;
90046;65;;66;;67;;69;;70;;71;;72;;73;;74;;75;;68;
89711;65;;66;;67;;69;;70;;71;;72;;73;;74;;75;;68;
89828;65;;66;;67;;69;;70;;71;;72;;73;;74;;75;;68;
90035;65;;66;;67;;69;;70;;71;;72;;73;;74;;75;;68;
89901;65;;66;;67;;69;;70;;71;;72;;73;;74;;75;;68;
89501;65;;66;;67;;69;;70;;71;;72;;73;;74;;75;;68;
89502;65;;66;;67;;69;;70;;71;;72;;73;;74;;75;;68;
89445;65;;66;;67;;69;;70;;71;;72;;73;;74;;75;;68;
89484;65;;66;;67;;69;;70;;71;1;72;;73;;74;;75;;68;
89450;65;;66;;67;;69;;70;;71;;72;;73;;74;;75;;68;
89506;65;;66;;67;;69;;70;;71;;72;;73;;74;;75;;68;
89689;65;;66;;67;;69;;70;;71;;72;;73;;74;;75;;68;
89464;65;;66;;67;;69;;70;;71;;72;;73;;74;;75;;68;
89922;65;;66;;67;;69;;70;;71;;72;;73;;74;;75;;68;
89925;65;;66;;67;;69;;70;;71;;72;;73;;74;;75;;68;
89800;65;3;66;2;67;;69;2;70;3;71;4;72;;73;4;74;1;75;2;68;2
89709;65;1;66;1;67;;69;;70;;71;1;72;;73;;74;;75;;68;1
90077;65;;66;;67;;69;;70;;71;;72;;73;;74;;75;;68;
90102;65;;66;;67;;69;;70;;71;;72;;73;;74;;75;;68;
90128;65;;66;;67;;69;;70;;71;;72;;73;;74;;75;;68;
90163;65;;66;;67;;69;;70;;71;;72;;73;;74;;75;;68;
90078;65;;66;;67;;69;;70;;71;;72;;73;;74;;75;;68;
90103;65;;66;;67;;69;;70;;71;;72;;73;;74;;75;;68;
90129;65;;66;;67;;69;;70;;71;;72;;73;;74;;75;;68;
90164;65;;66;;67;;69;;70;;71;;72;;73;;74;;75;;68;
90079;65;;66;;67;;69;;70;;71;;72;;73;;74;;75;;68;
90104;65;;66;;67;;69;;70;;71;;72;;73;;74;;75;;68;
90130;65;;66;;67;;69;;70;;71;;72;;73;;74;;75;;68;
90165;65;;66;;67;;69;;70;;71;;72;;73;;74;;75;;68;
90080;65;;66;;67;;69;;70;;71;;72;;73;;74;;75;;68;
90105;65;;66;;67;;69;;70;;71;;72;;73;;74;;75;;68;
90131;65;;66;;67;;69;;70;;71;;72;;73;;74;;75;;68;
90166;65;;66;;67;;69;;70;;71;;72;;73;;74;;75;;68;
89226;65;;66;;67;;69;;70;;71;;72;;73;;74;;75;;68;
89387;65;;66;;67;;69;;70;;71;;72;;73;;74;;75;;68;
89414;65;;66;;67;;69;;70;;71;;72;;73;;74;1;75;;68;
89657;65;;66;;67;;69;;70;1;71;;72;;73;;74;;75;;68;
90020;65;;66;1;67;;69;1;70;;71;;72;;73;;74;;75;;68;
89851;65;;66;;67;;69;;70;;71;;72;;73;;74;;75;;68;
89460;65;2;66;4;67;;69;;70;;71;;72;;73;;74;1;75;2;68;
89472;65;;66;;67;;69;;70;;71;;72;;73;;74;;75;;68;
89994;65;;66;1;67;;69;;70;;71;1;72;;73;;74;;75;;68;1
90048;65;;66;;67;;69;;70;;71;;72;;73;;74;;75;;68;
90041;65;;66;;67;;69;;70;;71;;72;;73;;74;;75;;68;
90282;65;;66;;67;;69;;70;;71;;72;;73;;74;;75;;68;
90296;65;;66;;67;;69;;70;;71;;72;;73;;74;;75;;68;
90297;65;;66;;67;;69;;70;;71;;72;;73;;74;;75;;68;
90298;65;;66;;67;;69;;70;;71;;72;;73;;74;;75;;68;
90275;65;;66;;67;;69;;70;;71;;72;;73;;74;;75;;68;
90276;65;;66;;67;;69;;70;;71;;72;;73;;74;;75;;68;
90277;65;;66;;67;;69;;70;;71;;72;;73;;74;;75;;68;
90278;65;;66;;67;;69;;70;;71;;72;;73;;74;;75;;68;
90279;65;;66;;67;;69;;70;;71;;72;;73;;74;;75;;68;
90280;65;;66;;67;;69;;70;;71;;72;;73;;74;;75;;68;
90281;65;;66;;67;;69;;70;;71;;72;;73;;74;;75;;68;
89921;65;;66;;67;;69;;70;;71;;72;1;73;;74;;75;;68;
90304;65;;66;;67;;69;;70;;71;;72;;73;;74;;75;;68;
89944;65;;66;1;67;;69;;70;1;71;1;72;;73;;74;;75;;68;1
89404;65;;66;;67;;69;;70;;71;;72;;73;;74;;75;;68;
89803;65;2;66;3;67;;69;;70;;71;1;72;;73;;74;;75;;68;
90081;65;;66;;67;;69;;70;;71;;72;;73;;74;;75;;68;
90106;65;;66;;67;;69;;70;;71;;72;;73;;74;;75;;68;
90132;65;;66;;67;;69;;70;;71;;72;;73;;74;;75;;68;
90167;65;;66;;67;;69;;70;;71;;72;;73;;74;;75;;68;
90234;65;;66;;67;;69;;70;;71;;72;;73;;74;;75;;68;
90283;65;;66;;67;;69;;70;;71;;72;;73;;74;;75;;68;
90284;65;;66;;67;;69;;70;;71;;72;;73;;74;;75;;68;
90235;65;;66;;67;;69;;70;;71;;72;;73;;74;;75;;68;
90221;65;;66;;67;;69;;70;;71;;72;;73;;74;;75;;68;
90082;65;;66;;67;;69;;70;;71;;72;;73;;74;;75;;68;
90107;65;;66;;67;;69;;70;;71;;72;;73;;74;;75;;68;
90133;65;;66;;67;;69;;70;;71;;72;;73;;74;;75;;68;
90168;65;;66;;67;;69;;70;;71;;72;;73;;74;;75;;68;
90083;65;;66;;67;;69;;70;;71;;72;;73;;74;;75;;68;
90108;65;;66;;67;;69;;70;;71;;72;;73;;74;;75;;68;
90134;65;;66;;67;;69;;70;;71;;72;;73;;74;;75;;68;
90169;65;;66;;67;;69;;70;;71;;72;;73;;74;;75;;68;
90264;65;;66;;67;;69;;70;;71;;72;;73;;74;;75;;68;
90265;65;;66;;67;;69;;70;;71;;72;;73;;74;;75;;68;
90266;65;;66;;67;;69;;70;;71;;72;;73;;74;;75;;68;
90267;65;;66;;67;;69;;70;;71;;72;;73;;74;;75;;68;
90268;65;;66;;67;;69;;70;;71;;72;;73;;74;;75;;68;
90269;65;;66;;67;;69;;70;;71;;72;;73;;74;;75;;68;
90270;65;;66;;67;;69;;70;;71;;72;;73;;74;;75;;68;
90271;65;;66;;67;;69;;70;;71;;72;;73;;74;;75;;68;
90323;65;;66;;67;;69;;70;;71;3;72;;73;;74;;75;;68;
90324;65;;66;;67;;69;;70;;71;3;72;;73;;74;;75;;68;
89252;65;;66;;67;;69;;70;;71;;72;;73;;74;;75;;68;
89468;65;;66;;67;;69;;70;;71;;72;;73;;74;;75;;68;
89715;65;;66;;67;;69;;70;;71;;72;;73;;74;;75;;68;
89742;65;;66;;67;;69;;70;;71;;72;;73;;74;;75;;68;
89362;65;1;66;1;67;1;69;;70;1;71;2;72;;73;;74;;75;1;68;
89785;65;;66;;67;;69;;70;;71;1;72;;73;;74;;75;;68;1
90038;65;;66;;67;;69;;70;;71;2;72;;73;;74;;75;;68;
89190;65;;66;1;67;;69;;70;;71;;72;;73;;74;;75;;68;1
89351;65;;66;;67;;69;;70;;71;;72;;73;1;74;;75;1;68;1
89627;65;1;66;;67;;69;;70;;71;;72;;73;;74;1;75;1;68;1
89177;65;;66;;67;;69;;70;;71;;72;;73;;74;;75;;68;
89334;65;;66;;67;;69;;70;;71;;72;;73;;74;;75;;68;
89222;65;;66;;67;;69;;70;;71;;72;;73;;74;;75;;68;
89383;65;;66;;67;;69;;70;;71;;72;;73;;74;;75;;68;
89234;65;;66;;67;;69;;70;;71;;72;;73;;74;;75;;68;
89396;65;;66;;67;;69;;70;;71;;72;;73;;74;;75;;68;
89664;65;;66;;67;;69;;70;;71;;72;;73;;74;;75;;68;
89243;65;;66;;67;;69;;70;;71;;72;;73;;74;;75;;68;
89406;65;;66;;67;;69;;70;;71;;72;;73;;74;;75;;68;
89672;65;;66;;67;;69;;70;;71;;72;;73;;74;;75;;68;
89455;65;;66;;67;;69;;70;;71;;72;;73;;74;;75;;68;
89714;65;;66;;67;;69;;70;;71;;72;;73;;74;;75;;68;
89728;65;;66;;67;;69;;70;;71;1;72;;73;;74;;75;;68;
89095;65;;66;1;67;;69;;70;1;71;2;72;;73;;74;;75;;68;
89504;65;2;66;1;67;;69;;70;;71;;72;;73;;74;;75;;68;
89703;65;;66;;67;;69;1;70;1;71;;72;;73;;74;;75;1;68;1
90054;65;;66;;67;;69;;70;;71;;72;;73;;74;;75;;68;
89792;65;;66;;67;;69;;70;;71;;72;;73;;74;;75;;68;
89760;65;;66;;67;;69;;70;;71;;72;;73;;74;;75;;68;
89998;65;3;66;2;67;2;69;;70;2;71;3;72;;73;2;74;3;75;2;68;
89762;65;;66;;67;;69;;70;;71;;72;;73;;74;;75;2;68;
90305;65;;66;;67;;69;;70;;71;;72;;73;;74;;75;;68;
90055;65;;66;;67;;69;;70;;71;;72;;73;;74;;75;;68;
89824;65;;66;;67;;69;;70;;71;;72;;73;;74;;75;;68;
89816;65;;66;;67;;69;;70;;71;;72;;73;;74;;75;;68;
89765;65;1;66;3;67;;69;3;70;1;71;3;72;;73;3;74;3;75;3;68;2
89100;65;;66;;67;;69;;70;;71;;72;;73;;74;;75;;68;
89579;65;;66;;67;;69;;70;;71;;72;;73;;74;;75;;68;
89763;65;;66;;67;;69;;70;;71;;72;;73;;74;;75;;68;
89096;65;;66;1;67;;69;;70;1;71;2;72;;73;;74;;75;1;68;
89685;65;1;66;1;67;;69;;70;;71;;72;;73;;74;1;75;;68;
89729;65;1;66;1;67;;69;;70;;71;1;72;;73;;74;;75;;68;
89097;65;;66;;67;;69;;70;;71;;72;;73;;74;;75;;68;
89730;65;1;66;;67;;69;;70;1;71;;72;;73;;74;1;75;;68;
89897;65;;66;;67;;69;;70;9;71;6;72;2;73;3;74;4;75;9;68;3
89563;65;;66;;67;;69;;70;;71;;72;;73;;74;;75;;68;
89686;65;1;66;1;67;;69;;70;1;71;2;72;;73;;74;;75;;68;
89098;65;1;66;1;67;;69;;70;1;71;;72;;73;;74;;75;2;68;
89517;65;;66;1;67;;69;;70;;71;;72;;73;1;74;1;75;;68;
89687;65;;66;;67;;69;;70;;71;;72;;73;;74;;75;1;68;
89710;65;1;66;1;67;;69;;70;;71;1;72;;73;;74;;75;;68;
89731;65;1;66;;67;;69;;70;1;71;;72;;73;;74;;75;1;68;
89208;65;;66;;67;;69;;70;;71;;72;;73;;74;;75;;68;
89368;65;;66;;67;;69;;70;;71;;72;;73;;74;;75;;68;
89643;65;;66;;67;;69;;70;;71;;72;;73;;74;;75;;68;
89754;65;;66;;67;;69;;70;;71;;72;;73;;74;;75;;68;
89197;65;;66;;67;;69;;70;;71;;72;;73;;74;;75;;68;
89357;65;;66;;67;;69;;70;;71;;72;;73;;74;;75;;68;
89634;65;;66;;67;;69;;70;;71;;72;;73;;74;;75;;68;
90185;65;1;66;1;67;1;69;;70;1;71;1;72;;73;;74;1;75;1;68;
90192;65;1;66;1;67;1;69;;70;1;71;1;72;;73;;74;1;75;1;68;
90209;65;1;66;1;67;1;69;;70;1;71;1;72;;73;;74;1;75;1;68;
89891;65;;66;;67;;69;;70;;71;;72;;73;;74;;75;;68;
90184;65;1;66;3;67;1;69;1;70;;71;;72;;73;;74;;75;;68;
90187;65;1;66;3;67;1;69;1;70;;71;;72;;73;;74;;75;;68;
90205;65;1;66;3;67;1;69;1;70;;71;;72;;73;;74;;75;;68;
89777;65;;66;;67;;69;;70;;71;;72;;73;;74;;75;;68;
90227;65;;66;;67;;69;;70;;71;;72;;73;;74;;75;;68;
89198;65;;66;1;67;;69;;70;2;71;;72;;73;;74;;75;;68;
89358;65;;66;2;67;;69;;70;3;71;2;72;;73;2;74;;75;1;68;2
89635;65;;66;4;67;;69;;70;4;71;1;72;;73;;74;;75;;68;4
89109;65;;66;;67;;69;;70;;71;;72;;73;;74;;75;;68;
89254;65;;66;;67;;69;;70;;71;;72;;73;;74;;75;;68;
89280;65;;66;;67;;69;;70;;71;;72;;73;;74;;75;;68;
89417;65;;66;;67;;69;;70;;71;;72;;73;;74;;75;;68;
89446;65;;66;;67;;69;;70;;71;;72;;73;;74;;75;;68;
89498;65;;66;;67;;69;;70;;71;;72;;73;;74;;75;;68;
89276;65;;66;;67;;69;;70;;71;;72;;73;;74;;75;;68;
89297;65;;66;;67;;69;;70;;71;;72;;73;;74;;75;;68;
89108;65;;66;;67;;69;;70;;71;;72;;73;;74;;75;;68;
89255;65;;66;;67;;69;;70;;71;;72;;73;;74;;75;;68;
89700;65;;66;;67;;69;;70;;71;;72;;73;;74;;75;;68;
89253;65;;66;;67;;69;;70;;71;;72;;73;;74;;75;;68;
89999;65;2;66;2;67;1;69;;70;;71;1;72;;73;;74;;75;;68;
90238;65;3;66;5;67;;69;;70;;71;5;72;;73;;74;;75;;68;
90250;65;10;66;9;67;;69;6;70;6;71;9;72;;73;9;74;8;75;10;68;16
90222;65;;66;;67;;69;;70;;71;;72;;73;;74;;75;;68;
90232;65;;66;;67;;69;;70;;71;;72;;73;;74;;75;;68;
90228;65;;66;;67;;69;;70;;71;;72;;73;;74;;75;;68;
90239;65;;66;;67;;69;;70;;71;;72;;73;;74;;75;;68;
90251;65;10;66;12;67;;69;6;70;12;71;12;72;;73;;74;14;75;10;68;
90255;65;;66;;67;;69;;70;;71;;72;;73;;74;;75;;68;
90256;65;;66;7;67;;69;;70;;71;;72;;73;;74;;75;;68;
91295;65;;66;6;67;;69;;70;;71;;72;;73;;74;;75;;68;
91296;65;;66;;67;;69;;70;;71;;72;;73;;74;;75;;68;
90262;65;;66;;67;;69;;70;;71;;72;;73;;74;;75;;68;
91297;65;;66;;67;;69;;70;;71;;72;;73;;74;;75;;68;
90318;65;;66;;67;;69;;70;;71;;72;;73;;74;;75;;68;
90219;65;;66;;67;;69;;70;;71;;72;;73;;74;;75;;68;
90258;65;;66;;67;;69;;70;;71;;72;;73;;74;1;75;;68;
90223;65;;66;;67;;69;;70;;71;;72;;73;;74;;75;;68;
90272;65;;66;;67;;69;;70;;71;;72;;73;;74;;75;;68;
90259;65;;66;;67;;69;;70;1;71;;72;;73;;74;1;75;;68;
90260;65;;66;;67;;69;;70;1;71;;72;;73;;74;;75;;68;
90261;65;;66;;67;;69;;70;;71;;72;1;73;;74;;75;;68;
89980;65;;66;;67;;69;;70;;71;;72;;73;;74;;75;;68;
89942;65;;66;;67;;69;;70;;71;;72;;73;;74;;75;;68;
89949;65;;66;;67;;69;;70;;71;;72;;73;1;74;;75;1;68;1
89779;65;;66;;67;;69;;70;;71;;72;;73;;74;;75;;68;
89916;65;;66;;67;;69;;70;;71;;72;;73;;74;;75;;68;
89106;65;;66;;67;;69;;70;;71;;72;;73;;74;;75;;68;
89107;65;;66;;67;;69;;70;;71;;72;;73;;74;;75;;68;
89782;65;;66;;67;;69;;70;1;71;;72;;73;;74;;75;;68;
89872;65;;66;;67;;69;;70;;71;;72;;73;;74;;75;;68;
89885;65;2;66;;67;;69;;70;3;71;;72;;73;;74;1;75;;68;
89884;65;1;66;;67;;69;;70;3;71;3;72;1;73;3;74;3;75;;68;
89847;65;1;66;1;67;;69;;70;;71;1;72;1;73;;74;;75;1;68;
89940;65;;66;2;67;;69;;70;;71;2;72;;73;;74;;75;;68;
89947;65;;66;;67;;69;;70;2;71;1;72;;73;;74;;75;2;68;
89939;65;;66;;67;;69;;70;;71;;72;;73;;74;;75;;68;
89926;65;;66;;67;;69;;70;;71;;72;1;73;;74;;75;;68;
89982;65;;66;;67;;69;;70;;71;;72;;73;;74;;75;;68;
89784;65;;66;;67;;69;;70;;71;;72;;73;;74;;75;;68;
89928;65;;66;;67;;69;;70;;71;;72;;73;;74;;75;;68;
89783;65;1;66;;67;;69;;70;;71;3;72;;73;;74;1;75;1;68;
89862;65;2;66;2;67;;69;1;70;3;71;3;72;;73;;74;2;75;3;68;
89923;65;;66;;67;;69;;70;3;71;1;72;1;73;;74;1;75;2;68;
89786;65;2;66;3;67;2;69;2;70;4;71;2;72;;73;4;74;1;75;2;68;3
89931;65;1;66;2;67;2;69;1;70;1;71;2;72;;73;2;74;2;75;1;68;2
89804;65;;66;;67;;69;;70;;71;;72;;73;;74;;75;;68;
89845;65;2;66;3;67;2;69;2;70;3;71;2;72;2;73;3;74;3;75;2;68;2
89937;65;2;66;2;67;2;69;1;70;2;71;2;72;1;73;3;74;1;75;1;68;2
89788;65;;66;;67;;69;;70;;71;;72;;73;;74;;75;;68;
89904;65;;66;;67;;69;;70;;71;;72;;73;;74;;75;;68;
89835;65;3;66;3;67;2;69;;70;1;71;4;72;;73;2;74;;75;2;68;3
89781;65;;66;;67;;69;;70;;71;;72;;73;;74;;75;;68;
89918;65;;66;;67;;69;;70;;71;;72;;73;;74;;75;;68;
89888;65;;66;3;67;;69;;70;;71;;72;;73;;74;;75;;68;
89946;65;;66;;67;;69;;70;;71;;72;;73;;74;;75;;68;
89984;65;;66;2;67;;69;;70;;71;;72;;73;;74;;75;1;68;
89852;65;;66;;67;;69;;70;;71;;72;;73;;74;;75;;68;
89958;65;;66;;67;;69;;70;;71;;72;;73;;74;;75;;68;
90084;65;;66;;67;;69;;70;;71;;72;;73;;74;;75;;68;
90135;65;;66;;67;;69;;70;;71;;72;;73;;74;;75;;68;
90170;65;;66;;67;;69;;70;;71;;72;;73;;74;;75;;68;
90085;65;;66;;67;;69;;70;;71;;72;;73;;74;;75;;68;
90136;65;;66;;67;;69;;70;;71;;72;;73;;74;;75;;68;
90171;65;;66;;67;;69;;70;;71;;72;;73;;74;;75;;68;
90086;65;;66;;67;;69;;70;;71;;72;;73;;74;;75;;68;
90137;65;;66;;67;;69;;70;;71;;72;;73;;74;;75;;68;
90172;65;;66;;67;;69;;70;;71;;72;;73;;74;;75;;68;
89853;65;;66;;67;;69;;70;;71;;72;;73;;74;;75;;68;
89987;65;;66;;67;;69;;70;;71;;72;;73;;74;;75;;68;
90188;65;;66;;67;;69;;70;;71;;72;;73;;74;;75;;68;
90210;65;;66;;67;;69;;70;;71;;72;;73;;74;;75;;68;
89089;65;;66;;67;;69;;70;;71;;72;;73;;74;;75;;68;
90317;65;;66;;67;;69;;70;;71;;72;;73;;74;;75;;68;
90017;65;;66;;67;;69;;70;;71;;72;;73;;74;;75;;68;
90016;65;;66;1;67;;69;;70;;71;2;72;;73;;74;;75;;68;
89680;65;;66;2;67;;69;;70;;71;;72;;73;;74;;75;;68;
89462;65;2;66;;67;;69;1;70;1;71;3;72;;73;2;74;;75;2;68;
89478;65;;66;;67;;69;;70;;71;;72;;73;;74;;75;;68;
89561;65;1;66;2;67;;69;;70;2;71;;72;;73;2;74;;75;2;68;
89682;65;2;66;2;67;;69;1;70;1;71;3;72;;73;2;74;2;75;2;68;
89721;65;2;66;2;67;;69;1;70;2;71;2;72;;73;2;74;1;75;2;68;
89453;65;;66;;67;;69;;70;;71;;72;;73;;74;;75;;68;
89697;65;;66;;67;;69;;70;;71;;72;;73;;74;;75;;68;
89861;65;;66;;67;;69;;70;;71;;72;;73;;74;;75;;68;
89859;65;3;66;3;67;;69;3;70;2;71;5;72;2;73;3;74;2;75;2;68;1
90291;65;;66;;67;;69;;70;;71;;72;;73;;74;;75;;68;
90052;65;;66;;67;;69;;70;;71;;72;;73;;74;;75;;68;
90031;65;;66;;67;;69;;70;;71;;72;;73;;74;;75;;68;
89797;65;;66;;67;;69;;70;;71;;72;;73;;74;;75;;68;
89320;65;;66;;67;;69;;70;;71;;72;;73;;74;;75;;68;
89602;65;;66;;67;;69;;70;;71;;72;;73;;74;;75;;68;
89459;65;;66;;67;;69;;70;;71;;72;;73;;74;2;75;;68;
89705;65;;66;;67;;69;;70;;71;;72;;73;;74;;75;;68;
90203;65;;66;;67;;69;;70;;71;;72;;73;;74;;75;;68;
90215;65;;66;;67;;69;;70;;71;;72;;73;;74;;75;;68;
90204;65;;66;;67;;69;;70;;71;;72;;73;;74;;75;;68;
90319;65;;66;;67;;69;;70;;71;;72;;73;;74;;75;;68;
90026;65;;66;;67;;69;;70;1;71;;72;;73;;74;;75;;68;
89886;65;;66;;67;;69;;70;;71;;72;;73;;74;;75;;68;
89110;65;1;66;1;67;;69;;70;;71;;72;;73;;74;;75;;68;
89476;65;;66;1;67;;69;;70;;71;1;72;;73;;74;;75;;68;
89528;65;1;66;1;67;;69;;70;;71;2;72;;73;;74;;75;1;68;
89805;65;;66;;67;;69;;70;;71;;72;;73;;74;;75;;68;
89209;65;;66;1;67;1;69;;70;;71;1;72;1;73;;74;;75;1;68;1
89369;65;1;66;1;67;1;69;1;70;;71;1;72;1;73;;74;;75;;68;1
89644;65;1;66;1;67;1;69;;70;2;71;1;72;1;73;1;74;;75;;68;1
89890;65;;66;;67;;69;;70;;71;;72;;73;;74;;75;;68;
89995;65;1;66;1;67;1;69;;70;1;71;1;72;2;73;;74;1;75;;68;
89864;65;;66;;67;;69;;70;;71;;72;;73;;74;;75;;68;
89132;65;;66;;67;;69;;70;;71;;72;;73;;74;1;75;;68;
89187;65;;66;;67;;69;;70;;71;;72;;73;;74;;75;;68;
89284;65;;66;;67;;69;;70;;71;;72;;73;;74;;75;;68;
89348;65;;66;;67;;69;;70;;71;;72;;73;;74;;75;;68;
89567;65;;66;;67;;69;;70;;71;;72;;73;;74;2;75;;68;
89624;65;;66;;67;;69;;70;;71;;72;;73;;74;;75;;68;
89155;65;1;66;2;67;1;69;;70;1;71;1;72;;73;1;74;1;75;2;68;2
89306;65;1;66;2;67;1;69;;70;1;71;1;72;;73;1;74;1;75;2;68;2
89588;65;1;66;2;67;1;69;;70;1;71;1;72;;73;1;74;1;75;2;68;2
89125;65;;66;;67;;69;;70;1;71;1;72;1;73;1;74;1;75;2;68;1
89227;65;;66;1;67;;69;;70;;71;2;72;;73;;74;;75;;68;
89274;65;1;66;1;67;;69;1;70;1;71;1;72;1;73;1;74;1;75;2;68;1
89388;65;;66;1;67;;69;;70;;71;;72;;73;;74;;75;;68;
89412;65;1;66;1;67;;69;1;70;1;71;1;72;;73;1;74;1;75;2;68;1
89415;65;;66;;67;;69;;70;;71;;72;;73;;74;1;75;;68;
89522;65;;66;;67;;69;;70;;71;;72;1;73;;74;;75;;68;
89525;65;1;66;2;67;;69;1;70;;71;1;72;;73;;74;;75;;68;
89556;65;;66;1;67;;69;;70;1;71;1;72;1;73;1;74;1;75;2;68;1
89658;65;;66;1;67;;69;;70;;71;;72;;73;;74;1;75;;68;
90240;65;4;66;3;67;3;69;;70;5;71;3;72;;73;3;74;3;75;3;68;3
89988;65;;66;;67;;69;;70;;71;;72;;73;;74;;75;;68;
89790;65;;66;1;67;;69;;70;2;71;;72;;73;;74;2;75;;68;
89480;65;;66;;67;;69;;70;;71;;72;;73;;74;;75;;68;
89684;65;;66;;67;;69;;70;;71;;72;;73;;74;;75;;68;
89974;65;;66;;67;;69;;70;;71;;72;;73;;74;;75;;68;
89882;65;;66;;67;;69;;70;;71;;72;;73;;74;;75;;68;
89829;65;;66;;67;;69;;70;;71;;72;;73;;74;;75;;68;
89188;65;;66;;67;;69;;70;;71;;72;;73;;74;;75;;68;
89625;65;;66;1;67;;69;;70;;71;;72;;73;;74;;75;;68;
89349;65;;66;;67;;69;;70;;71;;72;;73;;74;;75;;68;
89945;65;;66;;67;;69;;70;;71;;72;;73;;74;;75;;68;
89857;65;1;66;1;67;;69;;70;;71;;72;;73;;74;;75;1;68;
89960;65;2;66;1;67;;69;;70;1;71;1;72;1;73;;74;;75;1;68;
89848;65;1;66;1;67;;69;;70;;71;;72;1;73;;74;;75;;68;
89941;65;;66;;67;;69;;70;;71;;72;;73;;74;;75;;68;
89780;65;;66;;67;;69;;70;;71;;72;;73;;74;;75;;68;
89917;65;;66;;67;;69;;70;;71;;72;;73;;74;;75;;68;
89927;65;;66;1;67;;69;;70;;71;1;72;1;73;;74;;75;;68;1
89929;65;;66;;67;;69;;70;;71;;72;;73;;74;;75;;68;
89846;65;2;66;2;67;1;69;;70;;71;1;72;2;73;;74;1;75;;68;1
89938;65;1;66;1;67;2;69;1;70;;71;1;72;1;73;1;74;;75;1;68;1
90040;65;;66;1;67;;69;;70;;71;1;72;1;73;;74;;75;;68;
89840;65;;66;;67;;69;;70;;71;;72;;73;;74;;75;;68;
89919;65;;66;;67;;69;;70;;71;;72;;73;;74;;75;;68;
89789;65;;66;;67;;69;;70;;71;;72;;73;;74;;75;;68;
89905;65;;66;;67;;69;;70;;71;;72;;73;;74;;75;;68;
89985;65;;66;;67;;69;;70;1;71;;72;;73;;74;;75;;68;
89902;65;1;66;;67;;69;;70;;71;;72;;73;;74;;75;1;68;
89854;65;;66;;67;;69;;70;;71;;72;;73;;74;;75;;68;
89959;65;;66;;67;;69;;70;;71;;72;;73;;74;;75;;68;
89943;65;;66;;67;;69;;70;;71;;72;;73;;74;;75;;68;
89930;65;;66;1;67;;69;;70;1;71;2;72;1;73;;74;;75;;68;1
89968;65;3;66;2;67;;69;;70;2;71;2;72;;73;;74;1;75;1;68;2
89090;65;;66;;67;;69;;70;;71;1;72;;73;;74;;75;;68;
89156;65;;66;;67;;69;;70;;71;2;72;1;73;;74;;75;;68;1
89307;65;;66;;67;;69;;70;;71;1;72;;73;;74;;75;;68;1
89589;65;;66;1;67;;69;;70;1;71;;72;1;73;;74;;75;;68;
89130;65;1;66;;67;;69;;70;;71;;72;1;73;;74;;75;1;68;1
89171;65;1;66;1;67;;69;;70;;71;1;72;;73;;74;;75;;68;1
89281;65;;66;;67;;69;;70;;71;;72;;73;;74;;75;1;68;1
89328;65;;66;;67;;69;;70;;71;;72;;73;;74;;75;;68;
89564;65;;66;1;67;;69;;70;;71;1;72;;73;;74;1;75;1;68;1
89607;65;1;66;1;67;;69;;70;;71;1;72;;73;;74;;75;;68;1
89261;65;1;66;;67;;69;;70;;71;2;72;;73;;74;;75;1;68;1
89115;65;1;66;1;67;;69;;70;;71;2;72;1;73;;74;;75;;68;1
89526;65;1;66;1;67;;69;;70;;71;1;72;;73;;74;1;75;1;68;
89841;65;;66;;67;;69;;70;;71;;72;;73;;74;;75;;68;
89842;65;;66;;67;;69;;70;;71;;72;;73;;74;;75;;68;
89766;65;;66;;67;;69;;70;;71;;72;;73;;74;;75;;68;
90273;65;;66;;67;;69;;70;;71;;72;;73;;74;;75;;68;
89820;65;;66;;67;;69;;70;;71;;72;;73;;74;;75;;68;
89793;65;;66;;67;;69;;70;;71;;72;;73;;74;;75;;68;
89179;65;;66;;67;;69;;70;;71;;72;;73;;74;;75;;68;
89337;65;;66;;67;;69;;70;;71;;72;;73;;74;;75;;68;
89615;65;;66;;67;;69;;70;;71;;72;;73;;74;;75;;68;
89143;65;;66;;67;;69;;70;;71;;72;;73;;74;;75;;68;
89294;65;;66;;67;;69;;70;;71;;72;;73;;74;;75;;68;
89540;65;;66;;67;;69;;70;;71;;72;;73;;74;;75;;68;
89576;65;;66;;67;;69;;70;;71;;72;;73;;74;;75;;68;
89160;65;;66;;67;;69;;70;;71;;72;;73;;74;;75;;68;
89312;65;;66;;67;;69;;70;;71;;72;;73;;74;;75;;68;
89541;65;;66;;67;;69;;70;;71;;72;;73;;74;;75;;68;
89597;65;;66;;67;;69;;70;;71;;72;;73;;74;;75;;68;
89251;65;;66;;67;;69;;70;;71;;72;;73;;74;;75;;68;
89704;65;;66;;67;;69;;70;;71;;72;;73;;74;;75;;68;
89775;65;1;66;1;67;;69;;70;;71;1;72;;73;;74;;75;;68;1
89233;65;;66;;67;;69;;70;;71;;72;;73;;74;;75;;68;
89395;65;;66;;67;;69;;70;;71;;72;;73;;74;;75;;68;
89148;65;;66;;67;;69;;70;;71;;72;;73;;74;;75;;68;
89299;65;;66;;67;;69;;70;;71;;72;;73;;74;;75;;68;
89581;65;;66;;67;;69;;70;;71;;72;;73;;74;;75;;68;
89992;65;;66;;67;;69;;70;;71;;72;;73;;74;;75;;68;
89977;65;;66;;67;;69;;70;;71;;72;;73;;74;;75;;68;
89235;65;;66;;67;;69;;70;;71;;72;;73;;74;;75;;68;
89397;65;;66;;67;;69;;70;;71;;72;;73;;74;;75;;68;
89665;65;;66;;67;;69;;70;;71;;72;;73;;74;;75;;68;
89858;65;;66;;67;;69;;70;;71;;72;;73;;74;;75;;68;
89741;65;2;66;1;67;;69;;70;1;71;2;72;;73;;74;1;75;1;68;
90060;65;;66;;67;;69;;70;;71;;72;;73;;74;;75;;68;
89170;65;;66;;67;;69;;70;;71;;72;;73;;74;;75;;68;
89426;65;;66;;67;;69;;70;;71;;72;;73;;74;;75;;68;
89539;65;;66;;67;;69;;70;;71;;72;;73;;74;;75;;68;
89114;65;;66;;67;;69;;70;;71;;72;;73;;74;;75;;68;
89135;65;;66;;67;;69;;70;;71;;72;;73;;74;;75;;68;
89166;65;;66;;67;;69;;70;;71;;72;;73;;74;;75;;68;
89260;65;;66;;67;;69;;70;;71;;72;;73;;74;;75;;68;
89285;65;;66;;67;;69;;70;;71;;72;;73;;74;;75;;68;
89323;65;1;66;;67;;69;;70;;71;;72;;73;;74;;75;;68;
89547;65;;66;;67;;69;;70;;71;;72;;73;;74;;75;;68;
89345;65;;66;;67;;69;;70;;71;;72;;73;;74;;75;;68;
89622;65;;66;;67;;69;;70;;71;;72;;73;;74;;75;;68;
89113;65;1;66;;67;;69;;70;;71;;72;;73;;74;;75;;68;1
89165;65;1;66;1;67;;69;;70;;71;;72;;73;;74;;75;;68;1
89259;65;;66;;67;;69;;70;;71;;72;1;73;;74;;75;;68;
89322;65;;66;;67;;69;;70;;71;;72;;73;;74;;75;1;68;1
89425;65;1;66;;67;;69;;70;;71;;72;;73;;74;;75;1;68;1
89546;65;1;66;;67;;69;;70;;71;;72;;73;;74;;75;;68;1
89603;65;1;66;;67;;69;;70;;71;;72;1;73;;74;;75;;68;1
89191;65;;66;;67;;69;;70;1;71;;72;;73;;74;1;75;;68;
89628;65;;66;;67;;69;;70;;71;;72;;73;;74;;75;1;68;
89210;65;1;66;1;67;;69;;70;;71;1;72;;73;;74;;75;;68;1
89370;65;1;66;1;67;1;69;;70;1;71;1;72;;73;;74;;75;1;68;
89645;65;;66;1;67;1;69;;70;1;71;;72;1;73;;74;;75;;68;
89236;65;;66;;67;;69;;70;;71;;72;;73;;74;;75;;68;
89398;65;;66;;67;;69;;70;;71;;72;;73;;74;;75;;68;
89666;65;;66;;67;;69;;70;;71;;72;;73;;74;;75;;68;
89123;65;1;66;;67;;69;1;70;1;71;;72;;73;1;74;1;75;1;68;1
89218;65;1;66;;67;;69;1;70;1;71;;72;;73;;74;1;75;;68;1
89272;65;1;66;;67;;69;1;70;1;71;;72;;73;1;74;1;75;1;68;1
89380;65;1;66;;67;;69;1;70;1;71;;72;;73;;74;1;75;1;68;1
89554;65;1;66;;67;;69;1;70;;71;;72;;73;1;74;1;75;1;68;1
89652;65;1;66;;67;;69;1;70;1;71;;72;;73;;74;1;75;2;68;1
89247;65;;66;;67;;69;;70;;71;;72;;73;;74;;75;;68;
89410;65;;66;;67;;69;;70;;71;;72;;73;;74;;75;;68;
89458;65;;66;;67;;69;;70;;71;;72;;73;;74;;75;;68;
89474;65;1;66;1;67;;69;;70;;71;;72;;73;;74;;75;;68;
89167;65;1;66;;67;;69;;70;;71;2;72;1;73;;74;;75;1;68;1
89262;65;1;66;1;67;;69;;70;;71;2;72;1;73;;74;;75;;68;1
89324;65;1;66;1;67;;69;;70;;71;2;72;;73;;74;;75;;68;1
89173;65;;66;;67;;69;;70;;71;;72;;73;;74;;75;;68;
89330;65;;66;;67;;69;;70;;71;;72;;73;;74;;75;;68;
89609;65;;66;;67;;69;;70;;71;;72;;73;;74;;75;;68;
89126;65;;66;;67;;69;;70;;71;;72;;73;;74;;75;;68;
89283;65;;66;;67;;69;;70;;71;;72;;73;;74;;75;;68;
89346;65;;66;;67;;69;;70;;71;;72;;73;;74;;75;;68;
89431;65;;66;;67;;69;;70;;71;;72;;73;;74;;75;;68;
89566;65;;66;;67;;69;;70;;71;;72;;73;;74;;75;;68;
89623;65;;66;;67;;69;;70;;71;;72;;73;;74;;75;;68;
89753;65;;66;;67;;69;;70;;71;;72;;73;;74;;75;;68;
89213;65;;66;;67;;69;;70;;71;;72;;73;;74;;75;;68;
89373;65;;66;;67;;69;;70;;71;;72;;73;;74;;75;;68;
89181;65;;66;;67;;69;;70;;71;1;72;;73;;74;;75;;68;
89339;65;;66;;67;;69;;70;;71;;72;;73;;74;;75;;68;
89202;65;2;66;1;67;1;69;;70;1;71;1;72;;73;;74;;75;1;68;1
89518;65;;66;;67;;69;;70;;71;;72;;73;;74;;75;1;68;1
89639;65;;66;;67;1;69;;70;1;71;1;72;;73;;74;;75;;68;1
89799;65;;66;;67;;69;;70;;71;;72;1;73;;74;;75;;68;1
89866;65;;66;;67;;69;;70;1;71;;72;;73;1;74;;75;;68;2
89813;65;1;66;1;67;;69;;70;;71;2;72;1;73;;74;;75;1;68;1
90249;65;;66;;67;;69;;70;;71;;72;;73;;74;;75;;68;
90033;65;;66;;67;;69;;70;;71;;72;;73;;74;;75;;68;
90216;65;;66;7;67;;69;3;70;4;71;2;72;2;73;;74;8;75;3;68;
89101;65;;66;;67;;69;;70;;71;;72;;73;;74;;75;;68;
89513;65;;66;;67;;69;;70;;71;;72;;73;;74;;75;;68;
89521;65;;66;;67;;69;;70;;71;;72;;73;;74;;75;;68;
89514;65;;66;;67;;69;;70;;71;;72;;73;;74;;75;;68;
89806;65;1;66;2;67;1;69;;70;2;71;1;72;1;73;;74;1;75;1;68;1
90000;65;2;66;2;67;1;69;1;70;1;71;2;72;1;73;1;74;;75;1;68;
89979;65;;66;;67;;69;;70;;71;;72;;73;;74;;75;;68;
89512;65;;66;;67;;69;;70;;71;;72;;73;;74;;75;;68;
89701;65;;66;;67;;69;;70;;71;;72;;73;;74;;75;;68;
89735;65;;66;;67;;69;;70;;71;;72;;73;;74;;75;;68;
89924;65;1;66;1;67;1;69;;70;1;71;2;72;2;73;1;74;1;75;1;68;1
89981;65;1;66;;67;;69;1;70;1;71;1;72;;73;1;74;;75;;68;1
89855;65;;66;;67;;69;;70;;71;;72;;73;;74;;75;;68;
89794;65;;66;;67;;69;;70;;71;;72;;73;;74;;75;;68;
90045;65;;66;1;67;;69;;70;1;71;3;72;;73;;74;;75;1;68;2
90044;65;;66;;67;;69;;70;;71;;72;;73;;74;;75;;68;
89713;65;;66;;67;;69;1;70;1;71;1;72;;73;;74;;75;1;68;
89736;65;;66;1;67;;69;;70;1;71;1;72;;73;;74;2;75;1;68;
89102;65;;66;;67;;69;;70;;71;1;72;;73;;74;;75;;68;
89996;65;1;66;2;67;1;69;;70;1;71;1;72;;73;;74;;75;1;68;
89889;65;;66;;67;;69;;70;;71;;72;;73;;74;;75;;68;
89758;65;;66;;67;;69;;70;;71;;72;;73;;74;;75;;68;
89898;65;;66;;67;;69;;70;;71;;72;;73;;74;;75;;68;
89899;65;;66;;67;;69;;70;;71;;72;;73;;74;;75;;68;
90007;65;;66;;67;;69;;70;;71;;72;;73;;74;;75;;68;
90008;65;;66;;67;;69;;70;;71;;72;;73;;74;;75;;68;
89796;65;;66;;67;;69;;70;;71;;72;;73;;74;;75;;68;
89909;65;;66;;67;;69;;70;;71;;72;;73;;74;;75;;68;
89989;65;;66;;67;;69;;70;;71;;72;;73;;74;;75;;68;
89990;65;;66;;67;;69;;70;;71;;72;;73;;74;;75;;68;
90042;65;;66;1;67;;69;;70;;71;2;72;1;73;;74;;75;;68;
90229;65;;66;;67;;69;;70;;71;;72;;73;;74;;75;;68;
90230;65;;66;;67;;69;;70;;71;;72;;73;;74;;75;;68;
90231;65;;66;;67;;69;;70;;71;;72;;73;;74;;75;;68;
90252;65;6;66;;67;;69;;70;;71;;72;;73;;74;;75;;68;
90087;65;;66;;67;;69;;70;;71;;72;;73;;74;;75;;68;
90138;65;;66;;67;;69;;70;;71;;72;;73;;74;;75;;68;
90173;65;;66;;67;;69;;70;;71;;72;;73;;74;;75;;68;
90299;65;;66;;67;;69;;70;;71;;72;;73;;74;;75;;68;
90300;65;;66;;67;;69;;70;;71;;72;;73;;74;;75;;68;
90301;65;;66;;67;;69;;70;;71;;72;;73;;74;;75;;68;
89961;65;;66;;67;;69;;70;;71;;72;;73;;74;;75;;68;
89091;65;;66;;67;;69;;70;;71;;72;;73;;74;;75;;68;
89461;65;;66;;67;;69;;70;;71;;72;;73;;74;;75;;68;
89477;65;;66;;67;;69;;70;;71;;72;;73;;74;;75;;68;
89494;65;;66;;67;;69;;70;;71;;72;;73;;74;;75;;68;
89558;65;;66;;67;;69;;70;;71;;72;;73;;74;;75;;68;
89706;65;;66;;67;;69;;70;;71;;72;;73;;74;;75;;68;
89720;65;;66;;67;;69;;70;;71;;72;;73;;74;;75;;68;
89092;65;2;66;2;67;1;69;2;70;1;71;;72;;73;;74;2;75;2;68;
89463;65;3;66;1;67;;69;1;70;1;71;;72;;73;;74;1;75;1;68;
89479;65;1;66;4;67;2;69;;70;2;71;2;72;;73;;74;;75;2;68;
89496;65;2;66;4;67;2;69;2;70;1;71;1;72;;73;;74;;75;1;68;
89722;65;2;66;1;67;1;69;2;70;2;71;;72;;73;;74;2;75;2;68;
89104;65;;66;;67;;69;;70;;71;;72;;73;;74;;75;;68;
89447;65;;66;;67;;69;;70;;71;;72;;73;;74;;75;;68;
89497;65;;66;2;67;;69;;70;;71;;72;;73;;74;;75;;68;
89683;65;;66;;67;;69;;70;;71;;72;;73;;74;;75;;68;
89707;65;;66;;67;;69;;70;;71;;72;;73;;74;;75;;68;
89723;65;;66;;67;;69;;70;;71;;72;;73;;74;;75;;68;
89471;65;;66;;67;;69;;70;1;71;;72;;73;;74;;75;;68;
89708;65;;66;;67;;69;;70;1;71;;72;;73;;74;;75;;68;
89151;65;;66;;67;;69;;70;;71;;72;;73;;74;;75;;68;
89302;65;;66;;67;;69;;70;;71;;72;;73;;74;;75;;68;
89584;65;;66;;67;;69;;70;;71;;72;;73;;74;;75;;68;
89150;65;3;66;3;67;;69;;70;1;71;1;72;1;73;1;74;1;75;1;68;1
89301;65;3;66;3;67;;69;;70;1;71;1;72;1;73;;74;;75;1;68;1
89583;65;2;66;3;67;;69;;70;1;71;1;72;1;73;;74;1;75;1;68;1
89117;65;;66;;67;;69;;70;;71;;72;;73;;74;;75;;68;
89152;65;2;66;4;67;2;69;;70;2;71;1;72;2;73;1;74;2;75;2;68;4
89263;65;;66;;67;;69;;70;;71;;72;;73;;74;;75;;68;
89303;65;2;66;4;67;2;69;;70;2;71;1;72;1;73;;74;2;75;2;68;4
89489;65;;66;;67;;69;;70;;71;;72;;73;;74;;75;;68;
89490;65;;66;;67;;69;;70;;71;;72;;73;;74;;75;;68;
89548;65;;66;;67;;69;;70;;71;;72;;73;;74;;75;;68;
89585;65;2;66;4;67;2;69;;70;2;71;1;72;2;73;;74;2;75;2;68;4
89745;65;;66;;67;;69;;70;;71;;72;;73;;74;;75;;68;
89751;65;2;66;4;67;2;69;1;70;2;71;1;72;3;73;1;74;1;75;2;68;4
89158;65;;66;;67;;69;;70;;71;;72;;73;;74;;75;;68;
89309;65;;66;;67;;69;;70;;71;;72;;73;;74;;75;;68;
89591;65;;66;;67;;69;;70;;71;;72;;73;;74;;75;;68;
89157;65;;66;;67;;69;;70;;71;;72;;73;;74;;75;;68;
89308;65;;66;;67;;69;;70;;71;;72;;73;;74;;75;;68;
89590;65;;66;;67;;69;;70;;71;;72;;73;;74;;75;;68;
89321;65;;66;;67;;69;;70;;71;;72;;73;;74;;75;;68;
89696;65;;66;;67;;69;;70;;71;;72;;73;;74;;75;;68;
89442;65;1;66;3;67;;69;1;70;1;71;1;72;;73;;74;1;75;1;68;1
89311;65;1;66;1;67;1;69;;70;1;71;;72;1;73;;74;1;75;1;68;
89592;65;1;66;1;67;;69;;70;1;71;3;72;1;73;;74;1;75;1;68;
89752;65;1;66;1;67;;69;1;70;1;71;;72;1;73;2;74;1;75;1;68;1
89894;65;;66;;67;;69;;70;;71;;72;;73;;74;;75;;68;
89971;65;;66;;67;;69;;70;;71;;72;;73;;74;;75;;68;
89911;65;;66;;67;;69;;70;;71;;72;;73;;74;;75;;68;
90285;65;;66;1;67;;69;;70;;71;;72;;73;;74;;75;;68;
90253;65;3;66;;67;;69;;70;;71;;72;;73;;74;;75;;68;
90254;65;;66;;67;;69;;70;;71;;72;;73;;74;;75;;68;
89778;65;;66;;67;;69;;70;;71;;72;;73;;74;;75;;68;
89142;65;;66;;67;;69;;70;;71;;72;1;73;;74;;75;;68;
89293;65;;66;;67;;69;;70;;71;;72;;73;;74;;75;;68;
89433;65;;66;2;67;;69;;70;;71;1;72;1;73;;74;;75;;68;
89199;65;;66;;67;;69;;70;;71;;72;;73;;74;;75;;68;
89359;65;;66;;67;;69;;70;;71;;72;;73;;74;;75;;68;
89636;65;;66;;67;;69;;70;;71;;72;;73;;74;;75;;68;
89963;65;;66;;67;;69;;70;;71;;72;;73;;74;;75;;68;
89962;65;;66;;67;;69;;70;;71;;72;;73;;74;;75;;68;
89975;65;;66;;67;;69;;70;;71;;72;;73;;74;;75;;68;
89976;65;;66;;67;;69;;70;;71;;72;;73;;74;;75;;68;
89969;65;1;66;1;67;;69;;70;;71;1;72;;73;;74;;75;;68;
90315;65;;66;;67;;69;;70;;71;;72;;73;;74;;75;;68;
90316;65;;66;;67;;69;;70;;71;;72;;73;;74;;75;;68;
89559;65;;66;;67;;69;;70;;71;;72;;73;;74;;75;;68;
89993;65;;66;;67;;69;;70;;71;;72;;73;;74;;75;;68;
89787;65;1;66;2;67;;69;;70;;71;1;72;;73;;74;;75;;68;
89807;65;1;66;2;67;;69;;70;;71;2;72;1;73;;74;;75;1;68;
90049;65;2;66;2;67;;69;2;70;2;71;2;72;;73;2;74;1;75;2;68;3
89808;65;;66;2;67;;69;;70;;71;;72;;73;;74;;75;;68;
90001;65;;66;1;67;;69;;70;;71;1;72;;73;;74;;75;;68;
90056;65;;66;;67;;69;;70;;71;;72;;73;;74;;75;;68;
89908;65;;66;;67;;69;;70;3;71;;72;;73;;74;2;75;;68;
90302;65;;66;;67;;69;;70;;71;;72;;73;;74;;75;;68;
89374;65;;66;;67;;69;;70;;71;;72;;73;;74;;75;;68;
89648;65;1;66;2;67;;69;;70;;71;;72;;73;;74;;75;;68;
89535;65;;66;;67;;69;;70;;71;;72;;73;;74;;75;;68;
89702;65;;66;;67;;69;;70;;71;;72;;73;;74;;75;;68;
89137;65;;66;;67;;69;;70;;71;;72;;73;;74;;75;;68;
89200;65;;66;;67;;69;;70;;71;;72;;73;;74;;75;;68;
89288;65;;66;;67;;69;;70;;71;;72;;73;;74;;75;;68;
89360;65;;66;;67;;69;;70;;71;;72;;73;;74;;75;;68;
89571;65;;66;;67;;69;;70;;71;;72;;73;;74;;75;;68;
89637;65;;66;;67;;69;;70;;71;;72;;73;;74;;75;;68;
89214;65;;66;;67;;69;;70;;71;;72;;73;;74;;75;;68;
89375;65;;66;;67;;69;;70;;71;;72;;73;;74;;75;;68;
89456;65;;66;;67;;69;;70;;71;;72;;73;;74;;75;;68;
89487;65;;66;;67;;69;;70;;71;;72;;73;;74;;75;;68;
89215;65;;66;;67;;69;;70;;71;;72;;73;;74;;75;;68;
89376;65;;66;;67;;69;;70;;71;;72;;73;;74;;75;;68;
89216;65;;66;;67;;69;;70;;71;;72;;73;;74;;75;;68;
89649;65;;66;;67;;69;;70;;71;;72;;73;;74;;75;;68;
89103;65;;66;;67;;69;;70;;71;;72;;73;;74;;75;;68;
89519;65;;66;;67;;69;;70;;71;;72;;73;;74;;75;;68;
89153;65;1;66;2;67;;69;;70;;71;3;72;;73;;74;;75;1;68;
89304;65;;66;;67;;69;;70;;71;;72;1;73;;74;;75;;68;
89586;65;;66;;67;;69;;70;;71;;72;;73;;74;;75;;68;
89146;65;;66;;67;;69;;70;;71;;72;;73;;74;;75;;68;
89121;65;1;66;1;67;;69;;70;;71;2;72;;73;;74;;75;1;68;1
89270;65;;66;;67;;69;;70;;71;1;72;;73;;74;;75;;68;
89420;65;;66;;67;;69;;70;;71;1;72;1;73;;74;;75;;68;1
89986;65;;66;;67;;69;;70;;71;;72;;73;;74;;75;;68;
89116;65;;66;;67;;69;;70;;71;;72;;73;;74;;75;;68;
89495;65;;66;;67;;69;;70;;71;;72;;73;;74;;75;;68;
89099;65;;66;;67;;69;;70;;71;;72;;73;;74;;75;;68;
89443;65;;66;;67;;69;;70;;71;;72;;73;;74;;75;;68;
89533;65;;66;;67;;69;;70;;71;;72;;73;;74;;75;;68;
89377;65;;66;;67;;69;;70;;71;;72;;73;;74;;75;;68;
89520;65;;66;;67;;69;;70;;71;;72;;73;;74;;75;;68;
89877;65;;66;;67;;69;;70;;71;;72;;73;;74;;75;;68;
90050;65;;66;;67;;69;;70;;71;;72;;73;;74;;75;;68;
89823;65;;66;;67;;69;;70;;71;;72;;73;;74;;75;;68;
89776;65;;66;;67;;69;;70;;71;2;72;1;73;;74;;75;1;68;1
89951;65;;66;2;67;;69;;70;;71;;72;;73;;74;;75;;68;
89893;65;;66;;67;;69;;70;;71;;72;;73;;74;;75;;68;
89863;65;;66;;67;;69;;70;;71;;72;;73;;74;;75;;68;
90009;65;;66;1;67;;69;;70;2;71;2;72;;73;;74;;75;1;68;
90024;65;;66;;67;;69;;70;;71;;72;;73;;74;;75;;68;
89767;65;;66;2;67;;69;;70;;71;;72;;73;;74;;75;;68;
90010;65;2;66;;67;;69;;70;1;71;2;72;;73;1;74;1;75;1;68;2
90021;65;;66;;67;;69;;70;;71;;72;;73;;74;;75;;68;
89825;65;;66;;67;;69;;70;;71;;72;;73;;74;;75;;68;
89690;65;;66;;67;;69;;70;;71;;72;;73;;74;;75;;68;
90027;65;1;66;;67;;69;;70;;71;;72;;73;;74;;75;;68;1
90058;65;;66;;67;;69;;70;;71;;72;;73;;74;;75;;68;
89920;65;;66;;67;;69;;70;;71;;72;;73;;74;;75;;68;
90292;65;;66;;67;;69;;70;;71;;72;;73;;74;;75;;68;
89983;65;;66;;67;;69;;70;;71;;72;;73;;74;;75;;68;
89869;65;10;66;10;67;3;69;;70;3;71;5;72;;73;3;74;2;75;4;68;
89870;65;10;66;10;67;3;69;2;70;4;71;5;72;;73;2;74;3;75;4;68;
89791;65;;66;;67;;69;;70;;71;;72;;73;;74;;75;;68;
89352;65;;66;;67;;69;;70;;71;;72;;73;;74;;75;;68;
89629;65;1;66;;67;;69;;70;;71;;72;;73;;74;;75;;68;
89266;65;;66;;67;;69;;70;;71;1;72;;73;;74;;75;;68;1
90306;65;;66;;67;;69;;70;;71;;72;;73;;74;;75;;68;
90307;65;;66;;67;;69;;70;;71;;72;;73;;74;;75;;68;
90308;65;;66;;67;;69;;70;;71;;72;;73;;74;;75;;68;
90237;65;;66;;67;;69;;70;;71;;72;;73;;74;;75;;68;
90241;65;;66;;67;;69;;70;3;71;;72;;73;;74;;75;;68;
90309;65;;66;;67;;69;;70;;71;;72;;73;;74;;75;;68;
90310;65;;66;;67;;69;;70;;71;;72;;73;;74;;75;;68;
90311;65;;66;;67;;69;;70;;71;;72;;73;;74;;75;;68;
90312;65;;66;;67;;69;;70;;71;;72;;73;;74;;75;;68;
90313;65;;66;;67;;69;;70;;71;;72;;73;;74;;75;;68;
90314;65;;66;;67;;69;;70;;71;;72;;73;;74;;75;;68;
89991;65;;66;10;67;;69;1;70;;71;1;72;;73;;74;1;75;;68;2
89717;65;;66;;67;;69;;70;;71;;72;;73;;74;;75;;68;
89718;65;;66;;67;;69;;70;;71;;72;;73;;74;;75;;68;
89378;65;;66;;67;;69;;70;;71;;72;;73;;74;;75;;68;
89650;65;;66;;67;;69;;70;;71;;72;;73;;74;;75;;68;
89449;65;1;66;1;67;;69;1;70;2;71;1;72;;73;;74;;75;1;68;1
89470;65;;66;;67;;69;;70;;71;;72;;73;;74;;75;;68;
89493;65;;66;;67;;69;;70;;71;;72;;73;2;74;3;75;;68;
89269;65;;66;;67;;69;;70;;71;;72;;73;;74;;75;;68;
89441;65;;66;;67;;69;;70;;71;;72;;73;;74;;75;;68;
89231;65;;66;;67;;69;;70;;71;;72;;73;;74;;75;;68;
89393;65;;66;;67;;69;;70;;71;;72;;73;;74;;75;;68;
89435;65;;66;;67;;69;;70;;71;;72;;73;;74;;75;;68;
89662;65;;66;;67;;69;;70;;71;;72;;73;;74;;75;;68;
90194;65;1;66;;67;;69;;70;;71;;72;;73;;74;;75;1;68;
90211;65;1;66;;67;;69;;70;;71;;72;;73;;74;;75;;68;
90213;65;1;66;;67;;69;;70;;71;;72;;73;;74;;75;1;68;
90217;65;;66;1;67;;69;;70;;71;;72;;73;;74;;75;1;68;
90218;65;;66;1;67;;69;;70;;71;;72;;73;;74;;75;;68;
89698;65;1;66;1;67;;69;;70;1;71;;72;;73;;74;;75;;68;
89389;65;1;66;1;67;;69;;70;1;71;1;72;1;73;;74;1;75;1;68;1
90242;65;;66;;67;;69;;70;;71;;72;;73;;74;;75;;68;
90243;65;5;66;;67;;69;;70;;71;;72;;73;;74;;75;;68;
90224;65;;66;;67;;69;;70;;71;;72;;73;;74;;75;;68;
90225;65;;66;;67;;69;;70;;71;;72;;73;;74;;75;;68;
90226;65;;66;;67;;69;;70;;71;;72;;73;;74;;75;;68;
90244;65;;66;;67;;69;;70;;71;;72;;73;;74;;75;;68;
89692;65;;66;;67;;69;;70;;71;;72;;73;;74;;75;;68;
90186;65;;66;;67;;69;;70;;71;;72;;73;;74;;75;;68;
90199;65;;66;;67;;69;;70;;71;;72;;73;;74;;75;;68;
90212;65;;66;;67;;69;;70;;71;;72;;73;;74;;75;;68;
90214;65;;66;;67;;69;;70;;71;;72;;73;;74;;75;;68;
89815;65;2;66;2;67;;69;;70;2;71;2;72;;73;;74;1;75;1;68;2
90011;65;2;66;2;67;;69;;70;1;71;2;72;;73;;74;1;75;1;68;2
89809;65;;66;1;67;;69;;70;;71;;72;;73;;74;;75;;68;
90002;65;;66;;67;;69;;70;;71;;72;;73;;74;;75;;68;
89481;65;;66;;67;;69;;70;;71;;72;;73;;74;;75;;68;
89503;65;;66;;67;;69;;70;1;71;;72;;73;;74;;75;;68;
89860;65;;66;;67;;69;;70;;71;;72;;73;;74;;75;;68;
89819;65;;66;;67;;69;;70;;71;;72;;73;;74;;75;;68;
90286;65;19;66;38;67;;69;;70;;71;40;72;;73;;74;;75;29;68;29
90287;65;;66;;67;;69;;70;;71;;72;;73;;74;;75;;68;
90029;65;1;66;1;67;;69;;70;3;71;1;72;;73;;74;;75;1;68;
90005;65;;66;;67;;69;;70;;71;;72;;73;;74;;75;;68;
89964;65;;66;;67;;69;;70;;71;;72;;73;;74;;75;;68;
89965;65;;66;;67;;69;;70;;71;;72;;73;;74;;75;;68;
90257;65;;66;1;67;;69;;70;4;71;;72;;73;;74;;75;;68;
90263;65;;66;;67;;69;;70;5;71;;72;;73;;74;;75;;68;
89217;65;;66;;67;;69;;70;;71;;72;;73;;74;;75;;68;
89379;65;;66;;67;;69;;70;;71;;72;;73;;74;;75;;68;
89651;65;;66;;67;;69;;70;;71;;72;;73;;74;;75;;68;
89250;65;;66;;67;;69;;70;;71;;72;;73;;74;;75;;68;
89438;65;;66;;67;;69;;70;;71;;72;;73;;74;;75;;68;
89507;65;;66;;67;;69;;70;;71;;72;;73;;74;;75;;68;
90088;65;;66;;67;;69;;70;;71;;72;;73;;74;;75;;68;
90109;65;;66;;67;;69;;70;;71;;72;;73;;74;;75;;68;
90139;65;;66;;67;;69;;70;;71;;72;;73;;74;;75;;68;
90174;65;;66;;67;;69;;70;;71;;72;;73;;74;;75;;68;
90089;65;;66;;67;;69;;70;;71;;72;;73;;74;;75;;68;
90110;65;;66;;67;;69;;70;;71;;72;;73;;74;;75;;68;
90140;65;;66;;67;;69;;70;;71;;72;;73;;74;;75;;68;
90175;65;;66;;67;;69;;70;;71;;72;;73;;74;;75;;68;
90090;65;;66;;67;;69;;70;;71;;72;;73;;74;;75;;68;
90111;65;;66;;67;;69;;70;;71;;72;;73;;74;;75;;68;
90141;65;;66;;67;;69;;70;;71;;72;;73;;74;;75;;68;
90176;65;;66;;67;;69;;70;;71;;72;;73;;74;;75;;68;
90091;65;;66;;67;;69;;70;;71;;72;;73;;74;;75;;68;
90142;65;;66;;67;;69;;70;;71;;72;;73;;74;;75;;68;
90177;65;;66;;67;;69;;70;;71;;72;;73;;74;;75;;68;
90092;65;;66;;67;;69;;70;;71;;72;;73;;74;;75;;68;
90143;65;;66;;67;;69;;70;;71;;72;;73;;74;;75;;68;
90178;65;;66;;67;;69;;70;;71;;72;;73;;74;;75;;68;
90288;65;;66;;67;;69;;70;;71;;72;;73;;74;;75;;68;
90236;65;;66;;67;;69;;70;;71;;72;;73;;74;;75;;68;
89837;65;3;66;3;67;4;69;2;70;3;71;;72;3;73;1;74;;75;2;68;2
89228;65;1;66;;67;;69;;70;1;71;1;72;1;73;;74;;75;;68;1
89390;65;;66;1;67;;69;;70;;71;1;72;1;73;;74;;75;1;68;
89416;65;;66;1;67;;69;;70;1;71;1;72;1;73;;74;1;75;1;68;1
89659;65;;66;;67;;69;;70;1;71;1;72;;73;;74;;75;;68;
89149;65;;66;;67;;69;;70;;71;;72;;73;;74;;75;;68;
89300;65;;66;;67;;69;;70;;71;;72;;73;;74;;75;3;68;
89582;65;;66;;67;;69;;70;;71;;72;;73;;74;;75;3;68;
89915;65;1;66;2;67;;69;;70;;71;2;72;;73;;74;;75;;68;
89223;65;;66;;67;;69;;70;;71;;72;;73;;74;;75;;68;
89384;65;;66;;67;;69;;70;;71;;72;;73;;74;;75;;68;
90245;65;4;66;;67;;69;;70;;71;;72;;73;;74;;75;;68;
89473;65;;66;;67;;69;;70;;71;;72;;73;;74;;75;;68;
89532;65;;66;;67;;69;;70;1;71;;72;;73;;74;1;75;;68;
89952;65;;66;;67;;69;;70;;71;;72;;73;;74;;75;;68;
89128;65;;66;;67;;69;;70;;71;;72;;73;;74;;75;;68;
89147;65;;66;;67;;69;;70;;71;;72;;73;;74;;75;;68;
89298;65;;66;;67;;69;;70;;71;;72;;73;;74;;75;;68;
89580;65;;66;;67;;69;;70;;71;;72;;73;;74;;75;;68;
89508;65;;66;;67;;69;;70;;71;1;72;1;73;;74;;75;;68;1
89543;65;;66;;67;;69;;70;;71;;72;;73;;74;;75;;68;1
89203;65;1;66;;67;;69;;70;1;71;;72;;73;;74;;75;;68;
89363;65;1;66;1;67;;69;;70;1;71;1;72;;73;1;74;;75;1;68;
89432;65;1;66;1;67;;69;;70;;71;;72;;73;;74;;75;;68;
89640;65;1;66;;67;;69;;70;;71;1;72;;73;;74;;75;;68;
89204;65;1;66;1;67;;69;;70;1;71;1;72;;73;;74;;75;;68;
89364;65;1;66;1;67;;69;;70;1;71;1;72;;73;;74;;75;1;68;
89174;65;;66;;67;;69;;70;;71;;72;;73;;74;;75;;68;
89331;65;;66;;67;;69;;70;;71;;72;;73;;74;;75;;68;
89610;65;;66;;67;;69;;70;;71;;72;;73;;74;;75;;68;
89843;65;;66;;67;;69;;70;;71;;72;;73;;74;;75;;68;
89844;65;;66;;67;;69;;70;;71;;72;;73;;74;;75;;68;
89834;65;;66;2;67;;69;;70;;71;;72;2;73;;74;1;75;;68;
89900;65;;66;;67;;69;;70;;71;;72;;73;;74;;75;;68;
90303;65;;66;;67;;69;;70;;71;;72;;73;;74;;75;;68;
90289;65;;66;;67;;69;;70;;71;;72;;73;;74;;75;;68;
90290;65;;66;;67;;69;;70;;71;;72;;73;;74;;75;;68;
89172;65;;66;1;67;;69;;70;;71;1;72;;73;;74;;75;1;68;1
89329;65;;66;;67;;69;;70;1;71;1;72;;73;;74;;75;1;68;1
89427;65;;66;1;67;;69;;70;;71;1;72;;73;;74;;75;1;68;1
89608;65;1;66;;67;;69;;70;;71;1;72;1;73;;74;;75;1;68;1
89451;65;1;66;1;67;;69;;70;1;71;1;72;;73;;74;;75;1;68;
89831;65;;66;;67;;69;;70;;71;;72;;73;;74;;75;;68;
90022;65;;66;;67;;69;;70;;71;;72;;73;;74;;75;;68;
89529;65;;66;1;67;;69;1;70;1;71;;72;;73;;74;;75;;68;
89743;65;;66;;67;;69;;70;1;71;2;72;;73;;74;;75;;68;1
90030;65;1;66;1;67;;69;;70;;71;1;72;;73;;74;;75;1;68;1
90006;65;;66;;67;;69;;70;;71;;72;;73;;74;;75;;68;
89801;65;2;66;2;67;1;69;1;70;1;71;2;72;;73;2;74;2;75;1;68;
89997;65;;66;;67;;69;;70;1;71;1;72;;73;;74;;75;1;68;
89821;65;;66;;67;;69;;70;;71;;72;;73;;74;;75;;68;
90018;65;;66;;67;;69;;70;;71;2;72;;73;;74;;75;;68;2
89744;65;;66;;67;;69;;70;;71;;72;;73;;74;;75;;68;
89827;65;;66;;67;;69;;70;;71;;72;;73;;74;;75;;68;
89105;65;;66;;67;;69;;70;;71;;72;;73;;74;;75;;68;
90023;65;;66;;67;;69;;70;;71;;72;;73;;74;;75;;68;
89798;65;;66;;67;;69;;70;;71;;72;;73;;74;;75;;68;
89913;65;;66;;67;;69;;70;;71;;72;;73;;74;;75;;68;
89914;65;;66;;67;;69;;70;9;71;6;72;2;73;3;74;4;75;9;68;3
89757;65;;66;;67;;69;;70;;71;;72;;73;;74;;75;;68;
90019;65;;66;;67;;69;;70;;71;;72;;73;;74;;75;;68;
89817;65;;66;;67;;69;;70;;71;;72;;73;;74;;75;;68;
89168;65;;66;1;67;;69;;70;;71;1;72;2;73;;74;1;75;2;68;2
89325;65;;66;;67;;69;;70;;71;;72;;73;;74;;75;;68;2
89973;65;2;66;2;67;2;69;1;70;2;71;2;72;1;73;2;74;;75;2;68;2
89972;65;;66;;67;;69;;70;;71;;72;;73;;74;;75;;68;
90233;65;;66;;67;;69;;70;;71;11;72;;73;;74;;75;;68;
90274;65;;66;;67;;69;;70;;71;;72;;73;;74;;75;;68;
89154;65;1;66;2;67;1;69;1;70;2;71;1;72;;73;;74;1;75;1;68;1
89305;65;1;66;1;67;1;69;1;70;2;71;1;72;;73;2;74;1;75;1;68;1
89587;65;1;66;2;67;1;69;;70;2;71;1;72;;73;1;74;1;75;1;68;1
90093;65;;66;;67;;69;;70;;71;;72;;73;;74;;75;;68;
90144;65;;66;;67;;69;;70;;71;;72;;73;;74;;75;;68;
90179;65;;66;;67;;69;;70;;71;;72;;73;;74;;75;;68;
90094;65;;66;;67;;69;;70;;71;;72;;73;;74;;75;;68;
90145;65;;66;;67;;69;;70;;71;;72;;73;;74;;75;;68;
90180;65;;66;;67;;69;;70;;71;;72;;73;;74;;75;;68;
89122;65;1;66;2;67;;69;;70;;71;1;72;1;73;;74;;75;;68;1
89211;65;1;66;3;67;1;69;1;70;;71;2;72;2;73;1;74;;75;1;68;2
89271;65;1;66;2;67;;69;;70;1;71;1;72;1;73;;74;;75;1;68;1
89371;65;1;66;3;67;1;69;1;70;1;71;3;72;2;73;1;74;1;75;1;68;2
89553;65;;66;2;67;;69;;70;;71;;72;1;73;;74;;75;1;68;1
89646;65;1;66;3;67;1;69;;70;;71;2;72;2;73;1;74;;75;1;68;2
89747;65;;66;;67;;69;;70;;71;;72;;73;;74;;75;;68;
89755;65;;66;;67;;69;;70;;71;;72;;73;;74;;75;;68;
89139;65;;66;;67;;69;;70;;71;;72;;73;;74;;75;;68;
89212;65;;66;;67;;69;;70;;71;;72;;73;;74;;75;;68;
89290;65;;66;;67;;69;;70;;71;;72;;73;;74;;75;;68;
89372;65;;66;;67;;69;;70;;71;;72;;73;;74;;75;;68;
89573;65;;66;;67;;69;;70;;71;;72;;73;;74;;75;;68;
89647;65;;66;;67;;69;;70;;71;;72;;73;;74;;75;;68;
89750;65;;66;;67;;69;;70;;71;;72;;73;;74;;75;;68;
89966;65;;66;;67;;69;;70;;71;;72;;73;;74;;75;;68;
89967;65;;66;;67;;69;;70;;71;;72;;73;;74;;75;;68;
89452;65;1;66;1;67;;69;1;70;1;71;1;72;;73;;74;;75;1;68;
89482;65;1;66;1;67;;69;;70;;71;1;72;;73;;74;;75;;68;
91235;65;;66;3;67;;69;;70;;71;;72;;73;;74;;75;;68;
90028;65;;66;;67;;69;;70;;71;;72;;73;;74;;75;;68;
89826;65;;66;;67;;69;;70;1;71;1;72;;73;;74;;75;3;68;
90059;65;;66;;67;;69;;70;;71;;72;;73;;74;;75;;68;
89768;65;;66;;67;;69;;70;;71;;72;;73;;74;;75;;68;
90047;65;;66;;67;;69;;70;;71;;72;;73;;74;;75;;68;
89439;65;;66;1;67;;69;;70;;71;1;72;;73;;74;;75;;68;
89712;65;;66;1;67;;69;;70;;71;;72;2;73;;74;1;75;;68;
89733;65;1;66;2;67;;69;;70;;71;2;72;;73;;74;;75;;68;1
89903;65;1;66;2;67;1;69;;70;;71;2;72;3;73;;74;;75;1;68;2
89810;65;;66;;67;;69;;70;;71;;72;;73;;74;;75;;68;
90003;65;3;66;3;67;;69;3;70;2;71;2;72;;73;2;74;2;75;2;68;2
89811;65;3;66;3;67;;69;2;70;2;71;2;72;2;73;2;74;3;75;2;68;2
90004;65;3;66;3;67;;69;2;70;1;71;2;72;;73;2;74;3;75;2;68;2
89770;65;;66;;67;;69;;70;;71;;72;;73;;74;;75;;68;
89771;65;;66;;67;;69;;70;;71;;72;;73;;74;;75;;68;
89856;65;;66;;67;;69;;70;;71;;72;;73;;74;;75;;68;
89948;65;;66;;67;;69;;70;;71;;72;;73;;74;;75;;68;
89244;65;;66;;67;;69;;70;;71;;72;;73;;74;;75;;68;
89407;65;;66;;67;;69;;70;;71;;72;;73;;74;;75;;68;
89970;65;;66;;67;;69;;70;;71;1;72;;73;;74;;75;;68;
90025;65;;66;;67;;69;;70;;71;;72;;73;;74;;75;;68;
89772;65;;66;;67;;69;;70;;71;;72;;73;;74;;75;;68;
89145;65;1;66;;67;;69;;70;;71;1;72;;73;;74;;75;;68;1
89159;65;;66;;67;;69;;70;;71;1;72;;73;;74;;75;;68;
89246;65;;66;;67;;69;;70;;71;1;72;;73;;74;;75;;68;1
89296;65;;66;1;67;;69;;70;;71;;72;1;73;;74;;75;;68;1
89310;65;;66;1;67;;69;;70;;71;;72;;73;;74;;75;;68;
89409;65;;66;;67;;69;;70;;71;1;72;;73;;74;;75;;68;
89424;65;;66;;67;;69;;70;;71;1;72;;73;;74;;75;1;68;
89437;65;;66;;67;;69;;70;;71;1;72;1;73;;74;;75;;68;1
89578;65;1;66;;67;;69;;70;;71;;72;;73;;74;;75;;68;
89674;65;;66;;67;;69;;70;;71;1;72;;73;;74;;75;;68;
89144;65;;66;;67;;69;;70;;71;;72;;73;;74;;75;;68;
89245;65;;66;;67;;69;;70;;71;;72;;73;;74;;75;;68;
89295;65;;66;;67;;69;;70;;71;;72;;73;;74;;75;;68;
89408;65;;66;;67;;69;;70;;71;;72;;73;;74;;75;;68;
89436;65;;66;;67;;69;;70;;71;;72;;73;;74;;75;;68;
89577;65;;66;;67;;69;;70;;71;;72;;73;;74;;75;;68;
89673;65;;66;;67;;69;;70;;71;;72;;73;;74;;75;;68;
89161;65;;66;;67;;69;;70;;71;1;72;;73;;74;;75;;68;
89315;65;;66;;67;;69;;70;;71;;72;;73;;74;;75;1;68;
89892;65;;66;1;67;;69;;70;;71;1;72;;73;;74;;75;;68;
89950;65;1;66;1;67;1;69;;70;;71;1;72;;73;;74;;75;;68;
90189;65;;66;;67;;69;;70;;71;;72;;73;;74;;75;;68;
90195;65;1;66;;67;;69;;70;;71;;72;;73;;74;;75;1;68;
90197;65;;66;;67;;69;;70;;71;;72;;73;;74;;75;1;68;
90201;65;;66;;67;;69;;70;;71;;72;;73;;74;;75;1;68;
90206;65;;66;;67;;69;;70;;71;;72;;73;;74;;75;;68;
89249;65;;66;;67;;69;;70;;71;;72;;73;;74;;75;;68;1
89465;65;;66;;67;;69;;70;;71;;72;;73;;74;;75;;68;1
90190;65;;66;;67;;69;;70;;71;;72;;73;;74;;75;;68;
90196;65;;66;;67;;69;;70;;71;;72;;73;1;74;;75;;68;
90198;65;;66;;67;;69;;70;;71;;72;;73;;74;;75;;68;
90202;65;;66;;67;;69;;70;;71;;72;;73;1;74;;75;;68;
90207;65;;66;;67;;69;;70;;71;;72;;73;;74;;75;;68;
90095;65;;66;;67;;69;;70;;71;;72;;73;;74;;75;;68;
90146;65;;66;;67;;69;;70;;71;;72;;73;;74;;75;;68;
90096;65;;66;;67;;69;;70;;71;;72;;73;;74;;75;;68;
90097;65;;66;;67;;69;;70;;71;;72;;73;;74;;75;;68;
90098;65;;66;;67;;69;;70;;71;;72;;73;;74;;75;;68;
90112;65;;66;;67;;69;;70;;71;;72;;73;;74;;75;;68;
90113;65;;66;;67;;69;;70;;71;;72;;73;;74;;75;;68;
90147;65;;66;;67;;69;;70;;71;;72;;73;;74;;75;;68;
90148;65;;66;;67;;69;;70;;71;;72;;73;;74;;75;;68;
90181;65;;66;;67;;69;;70;;71;;72;;73;;74;;75;;68;
90183;65;;66;;67;;69;;70;;71;;72;;73;;74;;75;;68;
90182;65;;66;;67;;69;;70;;71;;72;;73;;74;;75;;68;
90099;65;;66;;67;;69;;70;;71;;72;;73;;74;;75;;68;
89681;65;;66;2;67;;69;;70;;71;;72;2;73;;74;;75;;68;
89865;65;;66;;67;;69;;70;;71;;72;;73;;74;;75;2;68;
89469;65;;66;;67;;69;;70;1;71;;72;;73;;74;;75;;68;
89678;65;;66;;67;;69;;70;;71;;72;;73;;74;;75;;68;
89677;65;2;66;2;67;2;69;1;70;2;71;3;72;5;73;2;74;1;75;2;68;3
89492;65;;66;;67;;69;;70;;71;;72;;73;;74;;75;;68;
89679;65;;66;;67;;69;;70;;71;;72;;73;;74;;75;;68;
89418;65;;66;;67;;69;;70;;71;;72;;73;;74;;75;;68;
89421;65;;66;;67;;69;;70;;71;;72;;73;;74;;75;;68;
89699;65;;66;;67;;69;;70;;71;;72;;73;;74;;75;;68;
89716;65;;66;;67;;69;;70;;71;;72;;73;;74;;75;;68;
89219;65;1;66;1;67;1;69;;70;1;71;1;72;;73;1;74;1;75;4;68;1
89381;65;1;66;1;67;1;69;1;70;1;71;1;72;;73;1;74;1;75;2;68;1
89419;65;1;66;1;67;1;69;;70;1;71;1;72;;73;;74;1;75;2;68;1
89653;65;1;66;1;67;1;69;;70;1;71;1;72;;73;1;74;1;75;2;68;1
89719;65;1;66;1;67;1;69;1;70;1;71;1;72;;73;1;74;1;75;2;68;1
89237;65;;66;;67;;69;;70;;71;;72;;73;;74;;75;;68;
89399;65;;66;;67;;69;;70;;71;;72;;73;;74;;75;;68;
89667;65;;66;;67;;69;;70;;71;;72;;73;;74;;75;;68;
89131;65;1;66;1;67;;69;;70;;71;1;72;1;73;;74;;75;;68;1
89182;65;;66;1;67;;69;;70;;71;;72;;73;;74;;75;;68;
89282;65;;66;;67;;69;;70;;71;1;72;1;73;;74;;75;1;68;1
89340;65;;66;;67;;69;;70;;71;;72;1;73;;74;1;75;;68;
89565;65;1;66;1;67;;69;;70;;71;;72;;73;;74;;75;;68;
89617;65;;66;;67;;69;;70;;71;;72;;73;;74;;75;;68;
89140;65;1;66;2;67;1;69;;70;1;71;1;72;2;73;1;74;1;75;1;68;2
89291;65;1;66;2;67;1;69;;70;1;71;1;72;2;73;1;74;;75;1;68;2
89574;65;1;66;2;67;1;69;;70;1;71;1;72;2;73;1;74;1;75;1;68;2
89120;65;;66;;67;;69;;70;;71;;72;;73;;74;;75;;68;
89194;65;;66;;67;;69;;70;;71;;72;;73;;74;;75;;68;
89268;65;;66;;67;;69;;70;;71;;72;;73;;74;;75;;68;
89355;65;;66;;67;;69;;70;;71;;72;;73;;74;;75;;68;
89552;65;;66;;67;;69;;70;;71;2;72;;73;;74;;75;;68;
89632;65;;66;;67;;69;;70;;71;;72;;73;;74;;75;;68;
89195;65;;66;1;67;;69;;70;;71;;72;;73;;74;;75;;68;
89422;65;;66;;67;;69;;70;;71;;72;;73;;74;;75;;68;
89557;65;;66;;67;;69;;70;;71;1;72;;73;;74;;75;;68;
89569;65;1;66;;67;;69;;70;;71;1;72;;73;;74;;75;;68;
89277;65;;66;;67;;69;;70;;71;;72;;73;;74;;75;;68;
89286;65;;66;1;67;;69;;70;;71;;72;;73;;74;;75;;68;
89201;65;;66;;67;;69;;70;4;71;2;72;1;73;1;74;1;75;4;68;1
89361;65;;66;;67;;69;;70;2;71;2;72;;73;1;74;1;75;3;68;1
89638;65;;66;;67;;69;;70;3;71;2;72;1;73;1;74;2;75;2;68;1
89134;65;;66;;67;;69;;70;;71;;72;;73;;74;;75;;68;
89192;65;;66;2;67;;69;;70;;71;;72;;73;;74;1;75;;68;2
89353;65;;66;1;67;;69;;70;;71;;72;;73;;74;;75;;68;
89568;65;;66;1;67;;69;;70;;71;;72;;73;;74;;75;;68;
89630;65;1;66;;67;;69;;70;;71;;72;;73;;74;1;75;2;68;
89248;65;;66;1;67;;69;;70;;71;1;72;;73;;74;;75;1;68;
89411;65;1;66;;67;;69;;70;1;71;1;72;1;73;;74;;75;1;68;
89488;65;1;66;1;67;;69;;70;1;71;1;72;;73;;74;;75;1;68;
89111;65;;66;;67;;69;;70;;71;;72;;73;;74;;75;;68;
89141;65;1;66;1;67;;69;;70;;71;1;72;;73;;74;;75;;68;
89224;65;;66;;67;;69;;70;;71;;72;;73;;74;;75;;68;
89292;65;1;66;;67;;69;;70;;71;;72;;73;;74;;75;;68;
89385;65;;66;;67;;69;;70;;71;;72;;73;;74;;75;;68;
89423;65;;66;;67;;69;;70;;71;;72;;73;;74;;75;;68;
89434;65;;66;;67;;69;;70;;71;;72;;73;;74;;75;;68;
89575;65;1;66;1;67;;69;;70;;71;1;72;;73;;74;;75;;68;
89655;65;1;66;2;67;;69;;70;;71;;72;;73;;74;;75;;68;
89604;65;;66;;67;;69;;70;;71;;72;;73;;74;;75;;68;
89220;65;;66;;67;;69;;70;;71;;72;;73;;74;;75;;68;
89382;65;;66;;67;;69;;70;;71;;72;;73;;74;;75;;68;
89654;65;;66;;67;;69;;70;;71;;72;;73;;74;;75;;68;
89454;65;;66;;67;;69;;70;;71;;72;1;73;;74;;75;;68;
89537;65;1;66;;67;;69;;70;;71;;72;;73;;74;;75;1;68;
89740;65;;66;;67;;69;;70;;71;1;72;;73;;74;;75;;68;
89193;65;;66;1;67;;69;1;70;1;71;2;72;;73;;74;;75;2;68;1
89354;65;;66;2;67;;69;;70;1;71;2;72;;73;;74;;75;2;68;
89631;65;;66;1;67;;69;;70;1;71;1;72;;73;;74;1;75;2;68;
89267;65;;66;;67;;69;;70;;71;;72;;73;;74;;75;;68;
89551;65;;66;;67;;69;;70;;71;;72;;73;;74;;75;;68;
89118;65;;66;2;67;;69;;70;;71;;72;;73;;74;;75;;68;
89127;65;;66;;67;;69;;70;;71;;72;;73;;74;;75;;68;
89264;65;;66;2;67;;69;;70;;71;;72;;73;;74;;75;;68;
89278;65;;66;;67;;69;;70;;71;;72;;73;;74;;75;;68;
89549;65;;66;2;67;;69;;70;;71;;72;;73;;74;;75;;68;
89560;65;;66;;67;;69;;70;;71;;72;;73;;74;;75;;68;
89746;65;;66;;67;;69;;70;;71;;72;;73;;74;;75;;68;
89749;65;;66;;67;;69;;70;;71;;72;;73;;74;;75;;68;
89206;65;;66;1;67;;69;;70;1;71;;72;;73;1;74;;75;1;68;1
89366;65;;66;1;67;;69;;70;1;71;;72;;73;;74;;75;1;68;
89538;65;;66;1;67;;69;;70;;71;;72;;73;1;74;1;75;1;68;1
90062;65;;66;;67;;69;1;70;;71;;72;;73;;74;1;75;1;68;
89232;65;;66;;67;;69;;70;;71;;72;;73;;74;;75;;68;
89394;65;;66;;67;;69;;70;;71;;72;;73;;74;;75;;68;
89663;65;;66;;67;;69;;70;;71;;72;;73;;74;;75;;68;
89180;65;;66;;67;;69;;70;;71;;72;;73;;74;;75;;68;
89338;65;;66;;67;;69;;70;;71;;72;;73;;74;;75;;68;
89430;65;;66;;67;;69;;70;;71;;72;;73;;74;;75;;68;
89616;65;;66;;67;;69;;70;;71;;72;;73;;74;;75;;68;
89238;65;;66;;67;;69;;70;;71;;72;;73;;74;;75;;68;
89400;65;;66;;67;;69;;70;;71;;72;;73;;74;;75;;68;
89668;65;;66;;67;;69;;70;;71;;72;;73;;74;;75;;68;
89129;65;;66;;67;;69;;70;;71;;72;;73;;74;;75;;68;
89239;65;;66;;67;;69;;70;;71;;72;;73;;74;;75;;68;
89279;65;;66;;67;;69;;70;;71;;72;;73;;74;;75;;68;
89401;65;;66;;67;;69;;70;;71;;72;;73;;74;;75;;68;
89562;65;;66;;67;;69;;70;;71;;72;;73;;74;;75;;68;
89669;65;;66;;67;;69;;70;;71;;72;;73;;74;;75;;68;
89119;65;;66;;67;;69;;70;;71;;72;;73;;74;;75;;68;
89164;65;;66;;67;;69;;70;;71;;72;;73;;74;;75;;68;
89265;65;;66;;67;;69;;70;;71;;72;;73;;74;;75;;68;
89319;65;;66;;67;;69;;70;;71;;72;;73;;74;;75;;68;
89550;65;;66;;67;;69;;70;;71;;72;;73;;74;;75;;68;
89601;65;;66;;67;;69;;70;;71;;72;;73;;74;;75;;68;
89205;65;1;66;1;67;;69;1;70;1;71;3;72;;73;1;74;1;75;2;68;
89365;65;1;66;1;67;;69;1;70;1;71;2;72;;73;1;74;1;75;2;68;1
89641;65;1;66;1;67;;69;1;70;1;71;2;72;;73;;74;1;75;2;68;1
89175;65;;66;;67;;69;;70;;71;;72;;73;;74;;75;;68;
89332;65;;66;;67;;69;;70;;71;;72;;73;;74;;75;;68;
89611;65;;66;;67;;69;;70;;71;;72;;73;;74;;75;;68;
89176;65;;66;;67;;69;;70;;71;;72;;73;;74;;75;;68;
89333;65;;66;;67;;69;;70;;71;;72;;73;;74;;75;;68;
89612;65;;66;;67;;69;;70;;71;;72;;73;;74;;75;;68;
89812;65;;66;1;67;;69;;70;;71;;72;;73;;74;;75;;68;
89229;65;;66;;67;;69;;70;;71;;72;;73;;74;;75;;68;
89391;65;;66;;67;;69;;70;;71;;72;;73;;74;;75;;68;
89660;65;;66;;67;;69;;70;;71;;72;;73;;74;;75;;68;
89242;65;;66;;67;;69;;70;;71;;72;;73;;74;;75;;68;
89405;65;;66;;67;;69;;70;;71;;72;;73;;74;;75;;68;
89457;65;;66;;67;;69;;70;;71;;72;;73;;74;;75;;68;
89486;65;;66;1;67;;69;;70;;71;;72;;73;;74;1;75;;68;
89516;65;;66;;67;;69;;70;;71;;72;;73;;74;;75;;68;
89769;65;;66;;67;;69;;70;;71;;72;;73;;74;;75;;68;
90051;65;2;66;3;67;;69;;70;1;71;2;72;;73;;74;;75;;68;3
90053;65;;66;;67;;69;;70;;71;;72;;73;;74;;75;;68;
89795;65;;66;;67;;69;;70;2;71;;72;;73;;74;2;75;;68;
90057;65;;66;;67;;69;;70;;71;;72;;73;;74;;75;;68;